,filename,done,file,unclear
0,D:\UoM\Final_Year_Project_New\vulnerability-detection-and-localization\datasets\DefiVulnLabs\src\test\ApproveScam_modified.sol,1,ApproveScam_modified.sol,1
1,D:\UoM\Final_Year_Project_New\vulnerability-detection-and-localization\datasets\DefiVulnLabs\src\test\Array-deletion_modified.sol,1,Array-deletion_modified.sol,0
2,D:\UoM\Final_Year_Project_New\vulnerability-detection-and-localization\datasets\DefiVulnLabs\src\test\Backdoor-assembly_modified.sol,1,Backdoor-assembly_modified.sol,0
3,D:\UoM\Final_Year_Project_New\vulnerability-detection-and-localization\datasets\DefiVulnLabs\src\test\Bypasscontract_modified.sol,1,Bypasscontract_modified.sol,0
4,D:\UoM\Final_Year_Project_New\vulnerability-detection-and-localization\datasets\DefiVulnLabs\src\test\DataLocation_modified.sol,1,DataLocation_modified.sol,0
5,D:\UoM\Final_Year_Project_New\vulnerability-detection-and-localization\datasets\DefiVulnLabs\src\test\Delegatecall_modified.sol,1,Delegatecall_modified.sol,0
6,D:\UoM\Final_Year_Project_New\vulnerability-detection-and-localization\datasets\DefiVulnLabs\src\test\Dirtybytes_modified.sol,1,Dirtybytes_modified.sol,0
7,D:\UoM\Final_Year_Project_New\vulnerability-detection-and-localization\datasets\DefiVulnLabs\src\test\Divmultiply_modified.sol,1,Divmultiply_modified.sol,0
8,D:\UoM\Final_Year_Project_New\vulnerability-detection-and-localization\datasets\DefiVulnLabs\src\test\DOS_modified.sol,1,DOS_modified.sol,0
9,D:\UoM\Final_Year_Project_New\vulnerability-detection-and-localization\datasets\DefiVulnLabs\src\test\ecrecover_modified.sol,1,ecrecover_modified.sol,0
10,D:\UoM\Final_Year_Project_New\vulnerability-detection-and-localization\datasets\DefiVulnLabs\src\test\empty-loop_modified.sol,1,empty-loop_modified.sol,1
11,D:\UoM\Final_Year_Project_New\vulnerability-detection-and-localization\datasets\DefiVulnLabs\src\test\ERC777-reentrancy_modified.sol,1,ERC777-reentrancy_modified.sol,0
12,D:\UoM\Final_Year_Project_New\vulnerability-detection-and-localization\datasets\DefiVulnLabs\src\test\fee-on-transfer_modified.sol,1,fee-on-transfer_modified.sol,0
13,D:\UoM\Final_Year_Project_New\vulnerability-detection-and-localization\datasets\DefiVulnLabs\src\test\first-deposit_modified.sol,1,first-deposit_modified.sol,0
14,D:\UoM\Final_Year_Project_New\vulnerability-detection-and-localization\datasets\DefiVulnLabs\src\test\Flashloan-flaw_modified.sol,1,Flashloan-flaw_modified.sol,0
15,D:\UoM\Final_Year_Project_New\vulnerability-detection-and-localization\datasets\DefiVulnLabs\src\test\gas-price_modified.sol,1,gas-price_modified.sol,0
16,D:\UoM\Final_Year_Project_New\vulnerability-detection-and-localization\datasets\DefiVulnLabs\src\test\Hash-collisions_modified.sol,1,Hash-collisions_modified.sol,0
17,D:\UoM\Final_Year_Project_New\vulnerability-detection-and-localization\datasets\DefiVulnLabs\src\test\Immunefi_ch1_modified.sol,1,Immunefi_ch1_modified.sol,0
18,D:\UoM\Final_Year_Project_New\vulnerability-detection-and-localization\datasets\DefiVulnLabs\src\test\Immunefi_ch2_modified.sol,1,Immunefi_ch2_modified.sol,0
19,D:\UoM\Final_Year_Project_New\vulnerability-detection-and-localization\datasets\DefiVulnLabs\src\test\Incorrect_sanity_checks_modified.sol,1,Incorrect_sanity_checks_modified.sol,0
20,D:\UoM\Final_Year_Project_New\vulnerability-detection-and-localization\datasets\DefiVulnLabs\src\test\interface_modified.sol,-1,interface_modified.sol,1
21,D:\UoM\Final_Year_Project_New\vulnerability-detection-and-localization\datasets\DefiVulnLabs\src\test\Invariant_modified.sol,1,Invariant_modified.sol,0
22,D:\UoM\Final_Year_Project_New\vulnerability-detection-and-localization\datasets\DefiVulnLabs\src\test\NFT-transfer_modified.sol,1,NFT-transfer_modified.sol,1
23,D:\UoM\Final_Year_Project_New\vulnerability-detection-and-localization\datasets\DefiVulnLabs\src\test\NFTMint_exposedMetadata_modified.sol,-1,NFTMint_exposedMetadata_modified.sol,1
24,D:\UoM\Final_Year_Project_New\vulnerability-detection-and-localization\datasets\DefiVulnLabs\src\test\Oracle-stale_modified.sol,-1,Oracle-stale_modified.sol,1
25,D:\UoM\Final_Year_Project_New\vulnerability-detection-and-localization\datasets\DefiVulnLabs\src\test\Overflow_modified.sol,1,Overflow_modified.sol,0
26,D:\UoM\Final_Year_Project_New\vulnerability-detection-and-localization\datasets\DefiVulnLabs\src\test\Overflow2_modified.sol,1,Overflow2_modified.sol,0
27,D:\UoM\Final_Year_Project_New\vulnerability-detection-and-localization\datasets\DefiVulnLabs\src\test\payable-transfer_modified.sol,1,payable-transfer_modified.sol,1
28,D:\UoM\Final_Year_Project_New\vulnerability-detection-and-localization\datasets\DefiVulnLabs\src\test\phantom-permit_modified.sol,1,phantom-permit_modified.sol,0
29,D:\UoM\Final_Year_Project_New\vulnerability-detection-and-localization\datasets\DefiVulnLabs\src\test\Precision-loss_modified.sol,1,Precision-loss_modified.sol,0
30,D:\UoM\Final_Year_Project_New\vulnerability-detection-and-localization\datasets\DefiVulnLabs\src\test\Price_manipulation_modified.sol,1,Price_manipulation_modified.sol,0
31,D:\UoM\Final_Year_Project_New\vulnerability-detection-and-localization\datasets\DefiVulnLabs\src\test\Privatedata_modified.sol,1,Privatedata_modified.sol,0
32,D:\UoM\Final_Year_Project_New\vulnerability-detection-and-localization\datasets\DefiVulnLabs\src\test\Randomness_modified.sol,1,Randomness_modified.sol,0
33,D:\UoM\Final_Year_Project_New\vulnerability-detection-and-localization\datasets\DefiVulnLabs\src\test\ReadOnlyReentrancy_modified.sol,1,ReadOnlyReentrancy_modified.sol,0
34,D:\UoM\Final_Year_Project_New\vulnerability-detection-and-localization\datasets\DefiVulnLabs\src\test\recoverERC20_modified.sol,1,recoverERC20_modified.sol,0
35,D:\UoM\Final_Year_Project_New\vulnerability-detection-and-localization\datasets\DefiVulnLabs\src\test\Reentrancy_modified.sol,1,Reentrancy_modified.sol,0
36,D:\UoM\Final_Year_Project_New\vulnerability-detection-and-localization\datasets\DefiVulnLabs\src\test\return-break_modified.sol,1,return-break_modified.sol,0
37,D:\UoM\Final_Year_Project_New\vulnerability-detection-and-localization\datasets\DefiVulnLabs\src\test\Returnfalse_modified.sol,-1,Returnfalse_modified.sol,1
38,D:\UoM\Final_Year_Project_New\vulnerability-detection-and-localization\datasets\DefiVulnLabs\src\test\Returnvalue_modified.sol,-1,Returnvalue_modified.sol,1
39,D:\UoM\Final_Year_Project_New\vulnerability-detection-and-localization\datasets\DefiVulnLabs\src\test\self-transfer_modified.sol,1,self-transfer_modified.sol,0
40,D:\UoM\Final_Year_Project_New\vulnerability-detection-and-localization\datasets\DefiVulnLabs\src\test\Selfdestruct_modified.sol,1,Selfdestruct_modified.sol,0
41,D:\UoM\Final_Year_Project_New\vulnerability-detection-and-localization\datasets\DefiVulnLabs\src\test\Selfdestruct2_modified.sol,1,Selfdestruct2_modified.sol,1
42,D:\UoM\Final_Year_Project_New\vulnerability-detection-and-localization\datasets\DefiVulnLabs\src\test\SenseFinance_exp_modified.sol,-1,SenseFinance_exp_modified.sol,1
43,D:\UoM\Final_Year_Project_New\vulnerability-detection-and-localization\datasets\DefiVulnLabs\src\test\SignatureReplay_modified.sol,1,SignatureReplay_modified.sol,0
44,D:\UoM\Final_Year_Project_New\vulnerability-detection-and-localization\datasets\DefiVulnLabs\src\test\SignatureReplayNBA_modified.sol,1,SignatureReplayNBA_modified.sol,0
45,D:\UoM\Final_Year_Project_New\vulnerability-detection-and-localization\datasets\DefiVulnLabs\src\test\Slippage-deadline_modified.sol,-1,Slippage-deadline_modified.sol,1
46,D:\UoM\Final_Year_Project_New\vulnerability-detection-and-localization\datasets\DefiVulnLabs\src\test\Storage-collision-audio_modified.sol,1,Storage-collision-audio_modified.sol,0
47,D:\UoM\Final_Year_Project_New\vulnerability-detection-and-localization\datasets\DefiVulnLabs\src\test\Storage-collision_modified.sol,1,Storage-collision_modified.sol,0
48,D:\UoM\Final_Year_Project_New\vulnerability-detection-and-localization\datasets\DefiVulnLabs\src\test\Struct-deletion_modified.sol,1,Struct-deletion_modified.sol,0
49,D:\UoM\Final_Year_Project_New\vulnerability-detection-and-localization\datasets\DefiVulnLabs\src\test\txorigin_modified.sol,1,txorigin_modified.sol,0
50,D:\UoM\Final_Year_Project_New\vulnerability-detection-and-localization\datasets\DefiVulnLabs\src\test\Uninitialized_variables_modified.sol,1,Uninitialized_variables_modified.sol,0
51,D:\UoM\Final_Year_Project_New\vulnerability-detection-and-localization\datasets\DefiVulnLabs\src\test\UniswapV3ETHRefundExploit_modified.sol,-1,UniswapV3ETHRefundExploit_modified.sol,1
52,D:\UoM\Final_Year_Project_New\vulnerability-detection-and-localization\datasets\DefiVulnLabs\src\test\Unprotected-callback_modified.sol,1,Unprotected-callback_modified.sol,0
53,D:\UoM\Final_Year_Project_New\vulnerability-detection-and-localization\datasets\DefiVulnLabs\src\test\unsafe-downcast_modified.sol,1,unsafe-downcast_modified.sol,0
54,D:\UoM\Final_Year_Project_New\vulnerability-detection-and-localization\datasets\DefiVulnLabs\src\test\UnsafeCall_modified.sol,1,UnsafeCall_modified.sol,0
55,D:\UoM\Final_Year_Project_New\vulnerability-detection-and-localization\datasets\DefiVulnLabs\src\test\Visibility_modified.sol,1,Visibility_modified.sol,0
