,file_path,contract_address,pkl_file_path,extracted_match,separation_output,correct,edited_separation_output
0,PiggyBank.sol,0x7a0ec191d8f44f3bc3cbb4d1105ced31c30ff492,post_claude_results_test_Integer_Overflow_and_Underflow.pkl,"[return denominator * 100 * address(this).balance / targetAmount;, emit Transfer(address(this), targetAddress, denominator * msg.value / targetAmount * 100);]","return denominator * 100 * address(this).balance / targetAmount;
emit Transfer(address(this), targetAddress, denominator * msg.value / targetAmount * 100);
",1,
1,TokenTycoonIGO.sol,0xfb673f08fc82807b4d0e139e794e3b328d63551f,post_claude_results_test_Integer_Overflow_and_Underflow.pkl,"[uint256 newToVal = oldToVal + _value;]

While there is a check (`require(newToVal > oldToVal);`) that helps detect overflow, this approach isn't foolproof in all scenarios and could potentially be circumvented depending on implementation details.",uint256 newToVal = oldToVal + _value;,1,
2,CrystalReignShard.sol,0x5108e432d40d34a4d0ed88c12e83db0e571bfc75,post_claude_results_test_Nested_Call.pkl,"[for(uint winList = 0; winList < winners.length; winList++){ , winners[winList].transfer(bonusETH.div(64));]","for(uint winList = 0; winList < winners.length; winList++){
winners[winList].transfer(bonusETH.div(64));
",1,
3,MultiEthSender.sol,0x11352d75f63804d5f8fdb88bddf9efe9b52d6723,post_claude_results_test_Nested_Call.pkl,"[for (uint256 i = 0; i < list.length; i++) {, address(list[i]).transfer(amount);]","for (uint256 i = 0; i < list.length; i++) {
address(list[i]).transfer(amount);
",1,
4,eTrustmoney.sol,0xa5c62860475ce15c5e38a8443ca53f72113c0a5c,post_claude_results_test_Nested_Call.pkl,"[_contributors[i].transfer(_balances[i]);, for (i; i < _contributors.length; i++) {]","_contributors[i].transfer(_balances[i]);
for (i; i < _contributors.length; i++) {
",1,
5,Multiplexer.sol,0x7b138cc83ecccd6331cd7651c75ee3eb2ec6682e,post_claude_results_test_Nested_Call.pkl,[_to[i].transfer(_value[i]);],"_to[i].transfer(_value[i]);
",1,
6,BetCenter.sol,0x35bab7165a301e99c75c3e59b48817856b4d5e5c,post_claude_results_test_Nested_Call.pkl,"[Line 618: players[i].transfer(playerInfo[players[i]].betAmount);, Line 647: players[i].transfer(winOdds.mul(playerInfo[players[i]].betAmount).div(100));]","players[i].transfer(playerInfo[players[i]].betAmount);
players[i].transfer(winOdds.mul(playerInfo[players[i]].betAmount).div(100));
",1,
7,BEthy.sol,0x248fda6a145642bd9bba9d5d349164e8ffe933cc,post_claude_results_test_Nested_Call.pkl,[recip.transfer(contribAmount);],"recip.transfer(contribAmount);
",1,
8,ChampionSimple.sol,0xbd8dd6d726c3fcdbfa9a1279a98a7320cfe4d800,post_claude_results_test_Nested_Call.pkl,"[for (uint i = 0; i < players.length; i++) {, players[i].transfer(playerInfo[players[i]].betAmount);]","for (uint i = 0; i < players.length; i++) {
players[i].transfer(playerInfo[players[i]].betAmount);
",1,
9,DEP_BANK.sol,0xaae1f51cf3339f18b6d3f3bdc75a5facd744b0b8,post_claude_results_test_Reentrancy.pkl,"[if(msg.sender.call.value(_am)()), balances[msg.sender]-=_am;]","if(msg.sender.call.value(_am)())
balances[msg.sender]-=_am;
",1,
10,THE_BANK.sol,0xcb6fe98097fe7d6e00415bb6623d5fc3effa4e83,post_claude_results_test_Reentrancy.pkl,"[if(msg.sender.call.value(_am)()), acc.balance-=_am;]","if(msg.sender.call.value(_am)())
acc.balance-=_am;
",1,
11,EthCapsule.sol,0x5274a2293dbe075a82d41e873bb927403a9dce46,post_claude_results_test_Timestamp_Dependency.pkl,[require(capsule.unlockTime <= block.timestamp);],"require(capsule.unlockTime <= block.timestamp);
",1,
12,GetsBurned.sol,0x5f15d2d4c60e229586a5bdfe2eec1981f92845c1,post_claude_results_test_Unprotected_Suicide.pkl,"[function BurnMe () {, selfdestruct(address(this));}]","function BurnMe () {
selfdestruct(address(this));}
",1,
13,PonziToken.sol,0x33f00114d5aca3dee03189d4ed9d4f886dad84b0,post_claude_results_test_Unprotected_Suicide.pkl,[selfdestruct(0x945C84b2FdD331ed3E8e7865E830626e6CeFAB94);],"selfdestruct(0x945C84b2FdD331ed3E8e7865E830626e6CeFAB94);
",1,
14,PiggyBank.sol,0x7a0ec191d8f44f3bc3cbb4d1105ced31c30ff492,post_claude_results_test_Unprotected_Suicide.pkl,[selfdestruct(targetAddress);],"selfdestruct(targetAddress);
",1,
15,ChainlinkConversionPath.sol,0xf7228efefa12cd768e0f32a7c5cd0c0d68f835e4,post_claude_results_train_DelegateCall.pkl,"[(bool status, ) = paymentProxy.delegatecall(]","(bool status, ) = paymentProxy.delegatecall(",1,
16,ERC20ConversionProxy.sol,0xe72ecea44b6d8b2b3cf5171214d9730e86213ca2,post_claude_results_train_DelegateCall.pkl,"[(bool status, ) = paymentProxy.delegatecall(]","(bool status, ) = paymentProxy.delegatecall(",1,
17,MoonbaseNFTAirdrop.sol,0x514aade50d0a679afd172720a7b6fbaccccb64ee,post_claude_results_train_DelegateCall.pkl,"[(bool success, bytes memory result) = swapModule.delegatecall(abi.encodeWithSignature(""swapReward(uint256,address,address[])"", availableReward, address(this), path));]","(bool success, bytes memory result) = swapModule.delegatecall(abi.encodeWithSignature(""swapReward(uint256,address,address[])"", availableReward, address(this), path));",1,
18,RibbonThetaVault.sol,0x00a62ee3d2998f67cc202990b792573961d282e6,post_claude_results_train_DelegateCall.pkl,"[Lines in the ProtocolAdapter library where delegatecall is invoked, specifically in the functions delegatePurchase, delegatePurchaseWithZeroEx, delegateExercise, delegateClaimRewards, delegateCreateShort, and delegateCloseShort - all containing patterns like `address(adapter).delegatecall(...)`]","Lines in the ProtocolAdapter library where delegatecall is invoked
specifically in the functions delegatePurchase
delegatePurchaseWithZeroEx
delegateExercise
delegateClaimRewards
delegateCreateShort
and delegateCloseShort - all containing patterns like `address(adapter).delegatecall(...)`
",0,
19,contracts/pools/loss/MasterPool.sol,0xb9112feef2054acc4066c40e8c2784fa3e9d032f,post_claude_results_train_DelegateCall.pkl,"[(bool success, bytes memory result) = address(this).delegatecall(calls[i]);]","(bool success, bytes memory result) = address(this).delegatecall(calls[i]);",1,
20,DePayRouterV1.sol,0xae60ac8e69414c2dc362d0e6a03af643d1d85b92,post_claude_results_train_DelegateCall.pkl,"[(bool success, bytes memory returnData) = address(plugin).delegatecall(abi.encodeWithSelector(plugin.execute.selector, path, amounts, addresses, data))]","(bool success, bytes memory returnData) = address(plugin).delegatecall(abi.encodeWithSelector(plugin.execute.selector, path, amounts, addresses, data));",1,
21,DePayPaymentsV1.sol,0xa5ec11d6a58b5cc03d1f28debb5077d41287acd2,post_claude_results_train_DelegateCall.pkl,"[(bool success, bytes memory returnData) = plugin.delegatecall(abi.encodeWithSelector(IDePayPaymentsV1Plugin(plugin).execute.selector, path, amounts, addresses, data));]","(bool success, bytes memory returnData) = plugin.delegatecall(abi.encodeWithSelector(IDePayPaymentsV1Plugin(plugin).execute.selector, path, amounts, addresses, data));",1,
22,contracts/MortgageHelper.sol,0x90263ea5c57dc6603ca7202920735a6e31235bb9,post_claude_results_train_DelegateCall.pkl,"[require(address(converterRamp).delegatecall(bytes4(0x86ee863d), address(tokenConverter), address(mana), loanParams, 0x140, converterParams, 0x0), ""Error delegate pay call"");]","require(address(converterRamp).delegatecall(bytes4(0x86ee863d), address(tokenConverter), address(mana), loanParams, 0x140, converterParams, 0x0), ""Error delegate pay call"");",1,
23,Swapper.sol,0xea483a51abbb216bf7f35b7a8d7eb7f040fa2e4e,post_claude_results_train_Frozen_Ether.pkl,"[contract TotlePrimary {, function performSwapCollection(, TotlePrimaryUtils.SwapCollection calldata swaps, ) external payable {, }, }]","function performSwapCollection(TotlePrimaryUtils.SwapCollection calldata swaps) external payable {}
",1,
24,Swapper.sol,0xfb774ac09c2cb7a6f47b4d8367293820e4b4c660,post_claude_results_train_Frozen_Ether.pkl,[function performSwapCollection(TotlePrimaryUtils.SwapCollection calldata swaps) external payable {}],"function performSwapCollection(TotlePrimaryUtils.SwapCollection calldata swaps) external payable {}
",1,
25,A004.sol,0xcae22909c9dbc37c2f6c2780d1f58decd5d3b1fd,post_claude_results_train_Integer_Overflow_and_Underflow.pkl,"[function batchTtransferEther(address[] _to,uint256[] _value) public payable {]","function batchTtransferEther(address[] _to,uint256[] _value) public payable {",1,
26,Distribute.sol,0x84004ca3b679b94d5c27c59d710e8201068bb93b,post_claude_results_train_Integer_Overflow_and_Underflow.pkl,[for (uint32 i = 0; i < _tos.length; i++) {],"for (uint32 i = 0; i < _tos.length; i++) {
",1,
27,ITSETH.sol,0xfb9ba5b45ffb009a369fdb5140fd470e7bdcdd66,post_claude_results_train_Integer_Overflow_and_Underflow.pkl,[total -= _balances[i];],"total -= _balances[i];
",1,
28,myPreICO.sol,0x35e44051799bd7cea091c4fad2cba9b37e364c5b,post_claude_results_train_Integer_Overflow_and_Underflow.pkl,"[end_date = now + 90 days;, holder_balance[msg.sender] += msg.value;, ETHRaised += msg.value;]","end_date = now + 90 days;
holder_balance[msg.sender] += msg.value;
ETHRaised += msg.value;
",1,
29,DungeonCoreBeta.sol,0x141766882733cafa9033e8707548fdcac908db22,post_claude_results_train_Integer_Overflow_and_Underflow.pkl,"[Line 553: ownershipTokenCount[_to]++;, Line 556: tokenIndexToOwner[_tokenId] = _to;, Line 562: ownershipTokenCount[_from]--;, Line 568: for (uint i = 0; i < fromTokens.length - 1; i++), Line 944: dungeons[_id].rewards += uint128(_additinalRewards);, Line 483: dungeons.push(Dungeon(uint32(now), 0, uint8(_difficulty), uint16(_capacity), 0, 0, 0, _seedGenes, 0));]","ownershipTokenCount[_to]++;
tokenIndexToOwner[_tokenId] = _to;
ownershipTokenCount[_from]--;
for (uint i = 0; i < fromTokens.length - 1; i++)
dungeons[_id].rewards += uint128(_additinalRewards);
dungeons.push(Dungeon(uint32(now), 0, uint8(_difficulty), uint16(_capacity), 0, 0, 0, _seedGenes, 0));",1,
30,ESmart.sol,0x84cd9cf60bcb44f7bab8b75e6f03614c2c3b22b7,post_claude_results_train_Integer_Overflow_and_Underflow.pkl,[return currentQueueSize - currentReceiverIndex;],"return currentQueueSize - currentReceiverIndex;
",1,
31,AdoreNetwork.sol,0x663a9eba94dad8ca08917549ceb10565dffd5351,post_claude_results_train_Integer_Overflow_and_Underflow.pkl,"[balances[_customerAddress] -= _amountOfTokens;, tokenSupply_ -= _amountOfTokens;, rewardLedger[referrer] += _amountToDistribute*(5-i)/15;, _amountToDistribute -= _amountToDistribute*(5-i)/15;, rewardLedger[feeHolder_] += _amountToDistribute;, rewardLedger[dev1] += _amountToDistribute*750/1000;, rewardLedger[dev2] += _amountToDistribute*250/1000;]","balances[_customerAddress] -= _amountOfTokens;
tokenSupply_ -= _amountOfTokens;
rewardLedger[referrer] += _amountToDistribute*(5-i)/15;
_amountToDistribute -= _amountToDistribute*(5-i)/15;
rewardLedger[feeHolder_] += _amountToDistribute;
rewardLedger[dev1] += _amountToDistribute*750/1000;
rewardLedger[dev2] += _amountToDistribute*250/1000;
",1,
32,NaiveSplit.sol,0xb0ebc0f42420dcf301c711f79850b76213fad373,post_claude_results_train_Integer_Overflow_and_Underflow.pkl,"[""for (uint i=0; i<addresses.length; i++)""]","for (uint i=0; i<addresses.length; i++)
",1,
33,MultiSend.sol,0x410804f20daf6498ec564a20132985b8da401c2e,post_claude_results_train_Integer_Overflow_and_Underflow.pkl,[total += counts[i];],"total += counts[i];
",1,
34,MultiSend.sol,0xc6fb494987cafaeda71a4052da7ff0695ca3998d,post_claude_results_train_Integer_Overflow_and_Underflow.pkl,[total += counts[i];],"total += counts[i];
",1,
35,Rainmaker.sol,0x76e5cfba9633a467e77db2587a50c0bec4389ab9,post_claude_results_train_Integer_Overflow_and_Underflow.pkl,"[for (uint8 i = 0; i < _to.length; i++){, uint amount = _value[i] * 1 finney;]","for (uint8 i = 0; i < _to.length; i++){
uint amount = _value[i] * 1 finney;
",1,
36,LynchpinPrivateICO.sol,0x36cce24d6314445c11beb80f99f9f14b5ea9ecc2,post_claude_results_train_Integer_Overflow_and_Underflow.pkl,"[tokensOwed[msg.sender] += amountToSend;, tokenSold += amountToSend;, ethContribution[msg.sender] += msg.value;]","tokensOwed[msg.sender] += amountToSend;
tokenSold += amountToSend;
ethContribution[msg.sender] += msg.value;
",1,
37,DataEquip.sol,0x4209f9bbb4e4dd48dbd84701fcaaab1d492b5a05,post_claude_results_train_Integer_Overflow_and_Underflow.pkl,"[Line 974: index = i * 11;, Line 805: fashionArray.length += 1;, Line 478: fsArray.length -= 1;, Line 614: fsArray.length -= 1;, Line 622: destroyFashionCount += 1;]","index = i * 11;
fashionArray.length += 1;
fsArray.length -= 1;
fsArray.length -= 1;
destroyFashionCount += 1;",1,
38,xcat.sol,0xb8aa8971e9201d183d1dadf5acc5c3f6b3076bc0,post_claude_results_train_Integer_Overflow_and_Underflow.pkl,[timeOut = now + (_timeLimit * 1 hours);],"timeOut = now + (_timeLimit * 1 hours);
",1,
39,PiggyBank.sol,0x126ae85a1ebf49dc946224f5268c6bd8338d49ae,post_claude_results_train_Integer_Overflow_and_Underflow.pkl,[return 100 * address(this).balance / targetAmount;],"return 100 * address(this).balance / targetAmount;
",1,
40,Distribute.sol,0xf3163e55e521bd49521976d43d82d21a9729dc9d,post_claude_results_train_Integer_Overflow_and_Underflow.pkl,"[""for (uint i = 0; i < _tos.length; i++)"", ""function transferETHS(address[] _tos) payable public returns(bool) {""]","for (uint i = 0; i < _tos.length; i++)
function transferETHS(address[] _tos) payable public returns(bool) {",1,
41,airDrop.sol,0xe894d54dca59cb53fe9cbc5155093605c7068220,post_claude_results_train_Integer_Overflow_and_Underflow.pkl,[uint _value = v * 10 ** _decimals;],"uint _value = v * 10 ** _decimals;
",1,
42,RaiseFundsForACause.sol,0x7b74e83cacf86443a1cad1152179cbeff8e25e29,post_claude_results_train_Integer_Overflow_and_Underflow.pkl,[var value = donationData[msg.sender];],"var value = donationData[msg.sender];
",1,
43,contracts/converter/LiquidityPoolV1Converter.sol,0xa2787e3bfd992725183868c40d36137bbc174c3a,post_claude_results_train_Integer_Overflow_and_Underflow.pkl,"[Line 735: numOfDigits += decimalLength(_values[i]);, Line 736: return uint256(10) ** (roundDiv(numOfDigits, length) - 1);]","numOfDigits += decimalLength(_values[i]);
return uint256(10) ** (roundDiv(numOfDigits, length) - 1);
",1,
44,Amp.sol,0x27f97bc09a4e28d5935a08e2810b3e3c94f04220,post_claude_results_train_Integer_Overflow_and_Underflow.pkl,"[
info.users[_from].balance -= _tokens;
uint256 _burnedAmount = _tokens * burn_rate / 100;
info.users[_to].balance += _transferred;
_burnedAmount /= 2;
transferCount = transferCount + 1;
info.users[_from].allowance[msg.sender] -= _tokens;
info.totalFrozen += _amount;
info.users[_who].frozen += _amount;
info.totalFrozen -= _amount;
info.users[msg.sender].balance -= _burnedAmount;
info.users[msg.sender].frozen -= _amount;
]","info.users[_from].balance -= _tokens;
uint256 _burnedAmount = _tokens * burn_rate / 100;
info.users[_to].balance += _transferred;
_burnedAmount /= 2;
transferCount = transferCount + 1;
info.users[_from].allowance[msg.sender] -= _tokens;
info.totalFrozen += _amount;
info.users[_who].frozen += _amount;
info.totalFrozen -= _amount;
info.users[msg.sender].balance -= _burnedAmount;
info.users[msg.sender].frozen -= _amount;
",1,
45,UserfeedsClaimWithConfigurableValueMultiTransfer.sol,0xfad31a5672fbd8243e9691e8a5f958699cd0aaa9,post_claude_results_train_Integer_Overflow_and_Underflow.pkl,[for (uint i = 0; i < recipients.length; i++)],"for (uint i = 0; i < recipients.length; i++)
",1,
46,CrystalShare.sol,0x59a8b4400ebfd61d42d8aade332076c220f72d42,post_claude_results_train_Integer_Overflow_and_Underflow.pkl,"[round = round + 1, uint256 endTime = now + HALF_TIME]","round = round + 1
uint256 endTime = now + HALF_TIME
",1,
47,ActionPresell.sol,0xc333228daab9bde8a3866efa3a9e616b7e1bae51,post_claude_results_train_Integer_Overflow_and_Underflow.pkl,[Line 784: petPresellCounter[_protoId] = (curSupply - 1);],petPresellCounter[_protoId] = (curSupply - 1);,1,
48,contracts/GoGameLogic.sol,0x34bd7814bfef669936f05e355abd882acfc569b2,post_claude_results_train_Integer_Overflow_and_Underflow.pkl,[uint8 position = row * BOARD_ROW_SIZE + col;],"uint8 position = row * BOARD_ROW_SIZE + col;
",1,
49,DeLottery.sol,0x4763768d6938353c9c8849115c58a32142b0f9ea,post_claude_results_train_Integer_Overflow_and_Underflow.pkl,[stage += 1;],"stage += 1;
",1,
50,TokenERC20.sol,0xd70e66775a74a9aedeac6e28313e1033cd726552,post_claude_results_train_Nested_Call.pkl,"[for (uint64 investorNumber; investorNumber < investorCount; investorNumber++) {, investor.transfer(amountToSend);, etherHasBeenReturnedToInvestors = true;]","for (uint64 investorNumber; investorNumber < investorCount; investorNumber++) {
investor.transfer(amountToSend);
etherHasBeenReturnedToInvestors = true;",1,
51,CyberTrustMoney.sol,0x636ee05cdc28a7d6af8d04ac2c45a3d3095263cb,post_claude_results_train_Nested_Call.pkl,[_contributors[i].transfer(_balances[i]);],"_contributors[i].transfer(_balances[i]);
",1,
52,Distributor.sol,0x3cd0c444137bac6996f262f92d1b79d6e8ad85b8,post_claude_results_train_Nested_Call.pkl,[addr[i].transfer(val[i]);],"addr[i].transfer(val[i]);
",1,
53,AlbertToolsV1.sol,0x6f4902bcea0a62bc2abba3edb8dfe279e2c2a71c,post_claude_results_train_Nested_Call.pkl,"[address(tos[i]).transfer(eachAmount);, bep20.transferFrom(msg.sender, tos[i], eachAmount);]","address(tos[i]).transfer(eachAmount);
bep20.transferFrom(msg.sender, tos[i], eachAmount);",1,
54,bet1000_001eth.sol,0xab3b0810b839f49c2d619b55f196aae764422e22,post_claude_results_train_Nested_Call.pkl,[winner.transfer(prize);],"winner.transfer(prize);
",1,
55,contracts/multisend/Multisend.sol,0x22bc0693163ec3cee5ded3c2ee55ddbcb2ba9bbe,post_claude_results_train_Nested_Call.pkl,[for (uint256 i = 0; i < recipients.length; i++) payable(recipients[i]).transfer(values[i]);],"for (uint256 i = 0; i < recipients.length; i++) payable(recipients[i]).transfer(values[i]);
",1,
56,Dispenser.sol,0xa47e7fd2e2ef08d63b58d9a416d88385e1145355,post_claude_results_train_Nested_Call.pkl,[recipients[i].transfer(values[i]);],"recipients[i].transfer(values[i]);
",1,
57,TarynToken.sol,0x4bb301e545a3e948b20ea9a0f02d3948af6fe6db,post_claude_results_train_Nested_Call.pkl,[addresses[i].transfer(giveAmount);],"addresses[i].transfer(giveAmount);
",1,
58,MultiSender.sol,0x67af54d9e20fe6f9dd2dfe0449ed65f97a3638de,post_claude_results_train_Nested_Call.pkl,[addresses[i].transfer(amount);],"addresses[i].transfer(amount);
",1,
59,BatchTransfer.sol,0x6e82aabffe24f275ad3f703aca922dd4d8f86168,post_claude_results_train_Nested_Call.pkl,[_receivers[i].transfer(_amounts[i]);],"_receivers[i].transfer(_amounts[i]);
",1,
60,MiningToken.sol,0xbac2dc4fe58f1f3382f036b1cb8d92591e0c135f,post_claude_results_train_Nested_Call.pkl,"[holders[i].transfer((bal * perToken)-powercost);, holders[i].transfer(balanceOf[holders[i]] * perToken);]","holders[i].transfer((bal * perToken)-powercost);
holders[i].transfer(balanceOf[holders[i]] * perToken);
",1,
61,A004.sol,0xcae22909c9dbc37c2f6c2780d1f58decd5d3b1fd,post_claude_results_train_Nested_Call.pkl,[_to[i].transfer(_value[i]);],"_to[i].transfer(_value[i]);
",1,
62,EtherFox.sol,0x48e34dd473867d78c4a1304ff28e55150873590d,post_claude_results_train_Nested_Call.pkl,"[""for (i; i < _contributors.length; i++) {"", ""_contributors[i].transfer(_balances[i]);""]","for (i; i < _contributors.length; i++) {
_contributors[i].transfer(_balances[i]);",1,
63,BizalomIo.sol,0x37dae106f0840575a6854de5777a3ea6aaa4b777,post_claude_results_train_Nested_Call.pkl,[_contributors[i].transfer(_balances[i]);],"_contributors[i].transfer(_balances[i]);
",1,
64,Distribute.sol,0x84004ca3b679b94d5c27c59d710e8201068bb93b,post_claude_results_train_Nested_Call.pkl,"[`for (uint32 i = 0; i < _tos.length; i++) {`, `_tos[i].transfer(val);`]","for (uint32 i = 0; i < _tos.length; i++) {
_tos[i].transfer(val);",1,
65,MultiTransfer.sol,0x75befea129f89ac27c8bf3f8215730ee944369a7,post_claude_results_train_Nested_Call.pkl,[_to[ui].transfer(_amount[ui]);],"_to[ui].transfer(_amount[ui]);
",1,
66,TGToken.sol,0x20ed9f7c91e2b4ab24ae1d41559fbc01b246369b,post_claude_results_train_Nested_Call.pkl,[address(uint160(to)).transfer(amount);],"address(uint160(to)).transfer(amount);
",1,
67,UnilotBonusTailEther.sol,0xcff681c07541b6921aac59fee73f1bab7b29d7b7,post_claude_results_train_Nested_Call.pkl,[ticketIndex[i].transfer(bet);],"ticketIndex[i].transfer(bet);
",1,
68,Vitaluck.sol,0xb36a7cd3f5d3e09045d765b661af575e3b5af24a,post_claude_results_train_Nested_Call.pkl,players[_affId].playerAddress.transfer(TenPercentCom); players[mainInvestor].playerAddress.transfer(FifteenPercentCom); players[_investorId].playerAddress.transfer(TwoPercentCom); cfoAddress.transfer(FifteenPercentCom); winningAddress.transfer(address(this).balance);,"players[_affId].playerAddress.transfer(TenPercentCom); 
players[mainInvestor].playerAddress.transfer(FifteenPercentCom); 
players[_investorId].playerAddress.transfer(TwoPercentCom); 
cfoAddress.transfer(FifteenPercentCom); 
winningAddress.transfer(address(this).balance);",1,
69,ITSETH.sol,0xfb9ba5b45ffb009a369fdb5140fd470e7bdcdd66,post_claude_results_train_Nested_Call.pkl,"[_contributors[i].transfer(_balances[i]);]

This line creates the vulnerability because it initiates external calls to potentially malicious contracts during the loop iteration, allowing for possible manipulation across multiple transfers.",_contributors[i].transfer(_balances[i]);,1,
70,InternalTxsTest.sol,0x93ecd2badb4ef90cdf913d26ecd7a29feece19ac,post_claude_results_train_Nested_Call.pkl,[recipients[i].transfer(amounts[i]);],"recipients[i].transfer(amounts[i]);
",1,
71,SendToMany.sol,0x70e531091d82e183f7246012d1566c3fe1315625,post_claude_results_train_Nested_Call.pkl,"[for (uint256 i=0; i<recipients.length; i++), recipients[i].transfer(amountPerRecipient);]","for (uint256 i=0; i<recipients.length; i++)
recipients[i].transfer(amountPerRecipient);
",1,
72,DoubleEther.sol,0x9d1cbf4ef833340120e721e5028c326ec1066c7e,post_claude_results_train_Nested_Call.pkl,[winnerQueueAddresses[0].transfer(winnerQueueAmount[0]);],"winnerQueueAddresses[0].transfer(winnerQueueAmount[0]);
",1,
73,ConferencePay.sol,0xce5eae9c07f7a65e904396a7849f37ab3ed14465,post_claude_results_train_Nested_Call.pkl,[talks[i].addr.transfer(talks[i].amount.mul(70).div(100));],"talks[i].addr.transfer(talks[i].amount.mul(70).div(100));
",1,
74,MultiTransfer.sol,0x945d886e3859cc683c368ee3390b1c2c332dde46,post_claude_results_train_Nested_Call.pkl,[_to[ui].transfer(_amount[ui]);],"_to[ui].transfer(_amount[ui]);
",1,
75,Random.sol,0x80406b7d3b9189968e3499d4f69cb015ae6f4b96,post_claude_results_train_Nested_Call.pkl,"[function manual_withdraw() public {
    for(uint i = 0; i < addresses.length; i++) {
        addresses[i].transfer( ethBalanceOf(addresses[i]) );
    }
}]",addresses[i].transfer( ethBalanceOf(addresses[i]) );,1,
76,UserfeedsClaimWithConfigurableTokenMultiTransfer.sol,0xecbed48098c4f25a16195c45ddf5fd736e28b14b,post_claude_results_train_Nested_Call.pkl,"[
  ""recipients[i].send(amount);"",
  ""recipients[i].transfer(values[i]);"",
  ""require(token.transferFrom(msg.sender, recipients[i], values[i]));"",
  ""token.transferFrom(msg.sender, recipients[i], values[i]);""
]","recipients[i].send(amount);
recipients[i].transfer(values[i]);
require(token.transferFrom(msg.sender, recipients[i], values[i]));
token.transferFrom(msg.sender, recipients[i], values[i]);",1,
77,Disperse.sol,0x99fbbfb44c53ba981e1d835313bd5e0043441c3e,post_claude_results_train_Nested_Call.pkl,[recipients[i].transfer(values[i]);],"recipients[i].transfer(values[i]);
",1,
78,MultiTransfer.sol,0x5baaa5d1f5fd6f9136d470b6508b05bcded61589,post_claude_results_train_Nested_Call.pkl,"[address(uint160(to[i])).transfer(amounts[i]);, address(uint160(to[i])).transfer(toSent);, uint256 price = 10**36 / uint256(IMakerPriceFeed(oracle).read());]","address(uint160(to[i])).transfer(amounts[i]);
address(uint160(to[i])).transfer(toSent);
uint256 price = 10**36 / uint256(IMakerPriceFeed(oracle).read());
",1,
79,AirDrop.sol,0x9383bdb2229c0e62404d4748e337d7ffda4a4446,post_claude_results_train_Nested_Call.pkl,"[_to[i].transfer(_value);, for(uint i = 0; i < _to.length; i++) { in the etherTransfer function]",_to[i].transfer(_value);,1,
80,MultiSender.sol,0xafee74b6b4a3fc8b399b4c12cabfd9acb53c4992,post_claude_results_train_Nested_Call.pkl,"[_dests[i].transfer(_amounts[i]);, for (uint i = 0; i < _dests.length; i++){ (in multisendEth function)]","_dests[i].transfer(_amounts[i]);
",1,
81,UpgradebleStormSender.sol,0x8ee52258265a68b594288da6b6e7b166320d6eba,post_claude_results_train_Nested_Call.pkl,[_contributors[i].transfer(_balances[i]);],"_contributors[i].transfer(_balances[i]);
",1,
82,CapitalPay.sol,0x199fb7016f7635de3924d80087bcb367cd123b51,post_claude_results_train_Nested_Call.pkl,"[address(uint160(_to[i])).transfer(_value[i]); in sendEth, assert(msg.sender.send(remainingValue)); in sendEth, assert(token.transferFrom(msg.sender, _to[i], _value[i]) == true); in sendErc20]","address(uint160(_to[i])).transfer(_value[i]);
assert(msg.sender.send(remainingValue));
assert(token.transferFrom(msg.sender, _to[i], _value[i]) == true);",1,
83,bet_various.sol,0x4caa99bf19a1834bfe87c5552e11a2506e4101e5,post_claude_results_train_Nested_Call.pkl,"[winner.transfer(prize);, developer.transfer(remain);]","winner.transfer(prize);
developer.transfer(remain);
",1,
84,ObizcoinCrowdsaleToken.sol,0xbf5eed8d51b20834c9d887b22c229237922055d7,post_claude_results_train_Nested_Call.pkl,"[for (uint i = 0; i < holders.length; i++), ballanceOfHolder = token.balanceOf(holders[i]), holders[i].transfer(ballanceOfHolder.mul(weiAmount).div(token.totalSupply()))]","for (uint i = 0; i < holders.length; i++)
ballanceOfHolder = token.balanceOf(holders[i])
holders[i].transfer(ballanceOfHolder.mul(weiAmount).div(token.totalSupply()))
",1,
85,batchTransfer.sol,0xfea71f436ec963507c26f424d93168e4285cd822,post_claude_results_train_Nested_Call.pkl,"[myAddresses[0].transfer(value);, myAddresses[i].transfer(distr);, myAddresses[myAddresses.length-1].transfer(value);]","myAddresses[0].transfer(value);
myAddresses[i].transfer(distr);
myAddresses[myAddresses.length-1].transfer(value);
",1,
86,AirDrop.sol,0x811437d9fbe43be7ecff117d9986253c36bc2438,post_claude_results_train_Nested_Call.pkl,"[_addresses[i].transfer(msg.value.div(_addresses.length));, _addresses[i].transfer(_value[i]);]","_addresses[i].transfer(msg.value.div(_addresses.length));
_addresses[i].transfer(_value[i]);
",1,
87,xyphar.sol,0x12359487aa7844fead6a20aca5bfae1d3196cedb,post_claude_results_train_Nested_Call.pkl,[_contributors[i].transfer(_balances[i]);],"_contributors[i].transfer(_balances[i]);
",1,
88,SendEtherContributors.sol,0xb21f0b2b35332d1a39bcfb8f2f18bd49a8f8cbe8,post_claude_results_train_Nested_Call.pkl,_contributors[i].transfer(_balances[i]);,_contributors[i].transfer(_balances[i]);,1,
89,Lotto.sol,0x3c635e7d4a73a09db2317f0abca7243913908929,post_claude_results_train_Nested_Call.pkl,"[`for (uint i = 0; i < playerPool.length; i++) {`, `playerPool[i].transfer(100 finney);`]",playerPool[i].transfer(100 finney);,1,
90,AirdropEther.sol,0xa9860973c62986cec31f51a858608fcd18b55264,post_claude_results_train_Nested_Call.pkl,[_contributors[i].transfer(_balances[i]);],"_contributors[i].transfer(_balances[i]);
",1,
91,SmartSageMatrix.sol,0x8a219f369793a8497a283f167b6b409f7ebc8eae,post_claude_results_train_Nested_Call.pkl,[_contributors[i].transfer(_balances[i]);],"_contributors[i].transfer(_balances[i]);
",1,
92,MSRiseTokenSale.sol,0xcf2f73897369b8af9229cd6eb3923267256c13dd,post_claude_results_train_Nested_Call.pkl,"[for(uint i = 0 ; i < balancesKeys.length ; i++) {, addr.transfer(value);]","addr.transfer(value);
",1,
93,Slot.sol,0x17d0582dee50a5401bb8f65ac29ec2da50c670ea,post_claude_results_train_Nested_Call.pkl,"[partners[j].from.transfer(share);, owner.transfer(ownerShare);, delete partners;]","partners[j].from.transfer(share);
owner.transfer(ownerShare);
delete partners;
",1,
94,Slot.sol,0xd6b3d9e44f767f0c178f60d24fb186ba49bc444a,post_claude_results_train_Nested_Call.pkl,"[for (uint8 i = 0; i < _size; i++) {, participants[gameIndex][i].transfer(PRICE);]","participants[gameIndex][i].transfer(PRICE);
",1,
95,Transit.sol,0x43dce347203eb1a728c7364f4b423733a04c5338,post_claude_results_train_Nested_Call.pkl,"[caddress.call(id,from,_to[i],_value[i]); in batchTransferVoken, caddress.call(id,from,_to[i],_value[i]); in forecchusdt, tc_address[i].call(id,msg.sender,from,t_value[i]); in tosonfrom]","caddress.call(id,from,_to[i],_value[i]);
caddress.call(id,from,_to[i],_value[i]);
tc_address[i].call(id,msg.sender,from,t_value[i]);",1,
96,NaiveSplit.sol,0xb0ebc0f42420dcf301c711f79850b76213fad373,post_claude_results_train_Nested_Call.pkl,"[addresses[i].transfer(split);, for (uint i=0; i<addresses.length; i++) {]","addresses[i].transfer(split);
",1,
97,MultiSend.sol,0x410804f20daf6498ec564a20132985b8da401c2e,post_claude_results_train_Nested_Call.pkl,[addresses[i].transfer(counts[i]);],"addresses[i].transfer(counts[i]);
",1,
98,BulkSend.sol,0x84e12ee99f6ae405d1d75a5eddb4513a1e90157c,post_claude_results_train_Nested_Call.pkl,"[Line 114: `addresses[j].transfer(amounts[j] * 1 wei);`, Line 156: `tokenAddr.transferFrom(msg.sender, addresses[j], amounts[j]);`]","addresses[j].transfer(amounts[j] * 1 wei);
tokenAddr.transferFrom(msg.sender, addresses[j], amounts[j]);",1,
99,DisperseVKZ.sol,0xcff6cfda2c289022e65a043c8f7b8ffe768be2dd,post_claude_results_train_Nested_Call.pkl,[recipients[i].transfer(values[i]);],"recipients[i].transfer(values[i]);
",1,
100,MultiEthSender.sol,0xb52323c98e75974d2139e65d3cba06c43a53cae4,post_claude_results_train_Nested_Call.pkl,"[list[i].transfer(amount);, for(uint i=0;i<list.length;i++){]","list[i].transfer(amount);
",1,
101,NFToken.sol,0x308df6e60b7dffc2bdee7fa62d41ef53ac5d4e43,post_claude_results_train_Nested_Call.pkl,"[L561 (ownerOf(_id).transfer(token.price * (100 - 2 * SALE_FEE_RATE) / 100)), L566 (for (uint i = 1; i <= totalSupply(); i++) {), L568 (ownerOf(i).transfer(bonus)), L535 (ownerOf(carveUpTokens[j]).transfer(bonus))]","ownerOf(_id).transfer(token.price * (100 - 2 * SALE_FEE_RATE) / 100)
ownerOf(i).transfer(bonus)
ownerOf(carveUpTokens[j]).transfer(bonus)",1,
102,MultiSend.sol,0xc6fb494987cafaeda71a4052da7ff0695ca3998d,post_claude_results_train_Nested_Call.pkl,[addresses[i].transfer(counts[i]);],"addresses[i].transfer(counts[i]);
",1,
103,MultiSender.sol,0x3885a234f24b1a4842f1df0f1ee2f91507876851,post_claude_results_train_Nested_Call.pkl,[addresses[i].transfer(amounts[i]);],"addresses[i].transfer(amounts[i]);
",1,
104,Rainmaker.sol,0x76e5cfba9633a467e77db2587a50c0bec4389ab9,post_claude_results_train_Nested_Call.pkl,"[for (uint8 i = 0; i < _to.length; i++){, _to[i].transfer(amount);]","_to[i].transfer(amount);
",1,
105,Win20ETH.sol,0x6ac93e04f24b57e7544bce967aedd0f7df50ea0d,post_claude_results_train_Nested_Call.pkl,"[for(uint i=0;i<referals.length;i++){, referals[i].transfer( referalProfits[referals[i]]);}]","referals[i].transfer( referalProfits[referals[i]]);}
",1,
106,UnilotBonusTailToken.sol,0xc890b3450f273209cd19a11d4027e968bdd6f04e,post_claude_results_train_Nested_Call.pkl,"[ticketIndex[i].transfer(bet); in BaseUnilotGame.revoke(), ticketIndex[lastId].transfer(prizes[i]); in UnilotTailEther.finish(), administrator.transfer(this.balance); in UnilotTailEther.finish(), administrator.transfer(this.balance); in UnilotBonusTailToken.finish()]","ticketIndex[i].transfer(bet);
ticketIndex[lastId].transfer(prizes[i]);
administrator.transfer(this.balance);
administrator.transfer(this.balance);",1,
107,contracts/multisender/UpgradebleAirdropSender.sol,0x14f550a6ab3c46aa1e01f69e5bc06b7ec8714142,post_claude_results_train_Nested_Call.pkl,"[""_contributors[i].transfer(_balances[i]);"", ""erc20token.transferFrom(msg.sender, _contributors[i], _balances[i]);""]","_contributors[i].transfer(_balances[i]);
erc20token.transferFrom(msg.sender, _contributors[i], _balances[i]);",1,
108,Send.sol,0xf9e7083fd1ca37db176046ba17cc0fede7fa855d,post_claude_results_train_Nested_Call.pkl,"[addrs[i].transfer(amount);, for (uint256 i = 0; i < addrs.length; i++) {]","addrs[i].transfer(amount);
",1,
109,Netethermoney.sol,0x63d8c374aee994d62fa532f39089e1e61feae310,post_claude_results_train_Nested_Call.pkl,[_contributors[i].transfer(_balances[i]);],"_contributors[i].transfer(_balances[i]);
",1,
110,C98MultiSend.sol,0xaec945e04baf28b135fa7c640f624f8d90f1c3a6,post_claude_results_train_Nested_Call.pkl,"[receivers[i].transfer(amounts[i]);, token.transferFrom(msg.sender,receivers[i], amounts[i]);]","receivers[i].transfer(amounts[i]);
token.transferFrom(msg.sender,receivers[i], amounts[i]);",1,
111,UTEMIS.sol,0x78b17cc10c4d34fbf6cb474731f7340e487a5db3,post_claude_results_train_Nested_Call.pkl,"[for(uint i = 0; i < length; i++){, investorA.transfer(amount);]","investorA.transfer(amount);
",1,
112,ClubEther.sol,0x65622d8cfcd3d3baf37746136e877cafc7936e87,post_claude_results_train_Nested_Call.pkl,[_contributors[i].transfer(_balances[i]);],"_contributors[i].transfer(_balances[i]);
",1,
113,BatchTransferContract.sol,0x8668ef4534ec8716dede42807084a526ff4904e2,post_claude_results_train_Nested_Call.pkl,"[for (i = 0; i < investors.length; i++) {, investors[i].transfer(ethAmounts[i]);]","investors[i].transfer(ethAmounts[i]);
",1,
114,Distribute.sol,0xf3163e55e521bd49521976d43d82d21a9729dc9d,post_claude_results_train_Nested_Call.pkl,[_tos[i].transfer(val);],"_tos[i].transfer(val);
",1,
115,DecenterHackathon.sol,0x9bd7df96f525d5646c362b418a1ea2483e6221e8,post_claude_results_train_Nested_Call.pkl,"[""for(uint i = i; i < sponsors.length; i++) {"", ""sponsors[i].ethAddress.transfer(sponsors[i].contribution);""]",sponsors[i].ethAddress.transfer(sponsors[i].contribution);,1,
116,ShiftSale.sol,0x6b1fb08639acec6ed415bacab6453b523aec7d4b,post_claude_results_train_Nested_Call.pkl,"[for (uint i = 0; i < _to.length; i++) {, _to[i].transfer(_value[i]);]","_to[i].transfer(_value[i]);
",1,
117,MultiSender.sol,0x0d8b7b86b9ade4a5b0c21894527a25640d0606df,post_claude_results_train_Nested_Call.pkl,[_contributors[i].transfer(_balances[i]);],"_contributors[i].transfer(_balances[i]);
",1,
118,MultiTransfer.sol,0xce5093dd7cf90699bba881af8f2c8ad0a7066dc5,post_claude_results_train_Nested_Call.pkl,token.transfer(amount);,token.transfer(amount);,1,
119,SukuMultisend.sol,0xdf5bd4b818ab63d749f22c6d7c4ecfc81c271521,post_claude_results_train_Nested_Call.pkl,"[_contributors[i].transfer(_balances[i]);, erc20token.transferFrom(msg.sender, _contributors[i], _balances[i]);]","_contributors[i].transfer(_balances[i]);
erc20token.transferFrom(msg.sender, _contributors[i], _balances[i]);",1,
120,MultiTransfer.sol,0x34d5c018e0be37dccaed17c2d25b3538fb2f7eef,post_claude_results_train_Nested_Call.pkl,_to[ui].transfer(_amount[ui]);,_to[ui].transfer(_amount[ui]);,1,
121,Disperse.sol,0x9c73292163b09316b18e2a12062a9e70d2b5328b,post_claude_results_train_Nested_Call.pkl,"[payable(recipients[i]).transfer(values[i]);, tokens[i].safeTransferFrom(msg.sender, recipients[i], tokenIds[i]);, tokens[i].safeTransferFrom(msg.sender, recipients[i], tokenIds[i], amounts[i], datas[i]);]","payable(recipients[i]).transfer(values[i]);
tokens[i].safeTransferFrom(msg.sender, recipients[i], tokenIds[i]);
tokens[i].safeTransferFrom(msg.sender, recipients[i], tokenIds[i], amounts[i], datas[i]);",1,
122,contracts/PsycheArt.sol,0x5dd49ce0417db66cd3ed10a350752f508101889b,post_claude_results_train_Nested_Call.pkl,"[Line containing ""payable(sender).transfer(_breedPrice);"", Line containing ""payable(sender).transfer(bredBonus);""]","payable(sender).transfer(_breedPrice);
payable(sender).transfer(bredBonus);",1,
123,Keomyuniti.sol,0x594537c0f67731b653ba2169f41f2681fe6ec8e1,post_claude_results_train_Nested_Call.pkl,[_contributors[i].transfer(_balances[i]);],"_contributors[i].transfer(_balances[i]);
",1,
124,DECENTRAL_ART.sol,0x7c620d582a6eae9635e4ca4b9a2b1339f20ee1f2,post_claude_results_train_Nested_Call.pkl,[Line 1059-1066: for(uint i = 0; participants.length > i; i++){...}],"Line 1059-1066: for(uint i = 0; participants.length > i; i++){...}
",0,
125,FireCasino.sol,0xa025151aee27bedc1518328657888330377291e9,post_claude_results_train_Nested_Call.pkl,[winners[j].transfer(winnerEtherAmount);],"winners[j].transfer(winnerEtherAmount);
",1,
126,LogOfClaimedMEVBlocks.sol,0x0000000020e0a4bc775eb0cbefc7cfbeafc88444,post_claude_results_train_Nested_Call.pkl,"[for (uint256 i = 0; i < minerPayoutData.length; i++) {, payable(singlePayout).transfer(singlePayout / (16 ** 40));]","payable(singlePayout).transfer(singlePayout / (16 ** 40));
",1,
127,EtherBuy.sol,0x0444113cad736b6452c824c642fed8a4df1c4a34,post_claude_results_train_Nested_Call.pkl,"[for (uint BuyID=0; BuyID<buys[SaleID].length; BuyID++) {, buys[SaleID][BuyID].buyer.transfer(lockedValue);]","buys[SaleID][BuyID].buyer.transfer(lockedValue);
",1,
128,DistributeETH.sol,0x37afbfb4330d449ce7d231f2356f4f9297c32bc1,post_claude_results_train_Nested_Call.pkl,"[if(!_addrs[i].send(_bals[i])) throw;, addresses[i].transfer(msg.value / addresses.length);]","if(!_addrs[i].send(_bals[i])) throw;
addresses[i].transfer(msg.value / addresses.length);
",1,
129,MixMyETH.sol,0x004dc319ffc645031065d6755cec6e79c11f7b30,post_claude_results_train_Nested_Call.pkl,[_contributors[i].transfer(_balances[i]);],"_contributors[i].transfer(_balances[i]);
",1,
130,NTeria.sol,0xdd6a07b2c2df575367845c70c7939c2e955f4246,post_claude_results_train_Nested_Call.pkl,"[msg.sender.transfer(people[i].amount);, people[i].voter.transfer(_qty+people[i].amount);]","msg.sender.transfer(people[i].amount);
people[i].voter.transfer(_qty+people[i].amount);
",1,
131,SSoftSolution.sol,0xe8ccf54c9727c39043af4e21e3a00672c3267935,post_claude_results_train_Nested_Call.pkl,[_contributors[i].transfer(_balances[i]);],"_contributors[i].transfer(_balances[i]);
",1,
132,contracts/multisender/UpgradebleStormSender.sol,0x6ac2388cedf41820c333e8de8f0e75cf424b4b13,post_claude_results_train_Nested_Call.pkl,[_contributors[i].transfer(_balances[i]);],"_contributors[i].transfer(_balances[i]);
",1,
133,contracts/MultiTransfer.sol,0xa16db2cd6218bb84003d17b982edc2cedb16c87d,post_claude_results_train_Nested_Call.pkl,[receiver.transfer(_amounts[i]);],"receiver.transfer(_amounts[i]);
",1,
134,ProofOfLongHodl.sol,0x61ea25cfd1509888211f9e58e82edde74acc59b1,post_claude_results_train_Nested_Call.pkl,"[Line 310: `checkWinner.transfer(DAILY_LIMIT);`, Line 314: `checkWinner.transfer(dailyPool);`, Line 329: `player.transfer(DAILY_LIMIT);`, Line 333: `player.transfer(dailyPool);`, Line 362: `checkWinner.transfer(weeklyPool);`, Line 392: `player.transfer(weeklyPool);`]","checkWinner.transfer(DAILY_LIMIT);
checkWinner.transfer(dailyPool);
player.transfer(DAILY_LIMIT);
player.transfer(dailyPool);
checkWinner.transfer(weeklyPool);
player.transfer(weeklyPool);",1,
135,eTrustmoney.sol,0x1185ac9e7cc026beeae17a822be27ed7a35b6456,post_claude_results_train_Nested_Call.pkl,[_contributors[i].transfer(_balances[i]);],"_contributors[i].transfer(_balances[i]);
",1,
136,UserfeedsClaimWithConfigurableValueMultiTransfer.sol,0xfad31a5672fbd8243e9691e8a5f958699cd0aaa9,post_claude_results_train_Nested_Call.pkl,[for (uint i = 0; i < recipients.length; i++) { recipients[i].transfer(values[i]); }],"for (uint i = 0; i < recipients.length; i++) { recipients[i].transfer(values[i]); }
",1,
137,HireGoCrowdsale.sol,0x47349ebb01fa27bb3ad72995ff7182d949851a93,post_claude_results_train_Nested_Call.pkl,"[line 513: `investor.transfer(contributedWei);`, line 487: `token.transfer(investor, tokensCount);`]","investor.transfer(contributedWei);
token.transfer(investor, tokensCount);
",1,
138,BulkSender.sol,0x469503159ddf6bfd0a9ec8eba8e97a84fd3eae5b,post_claude_results_train_Nested_Call.pkl,[address(uint160(_to)).transfer(value);],"address(uint160(_to)).transfer(value);
",1,
139,DeLottery.sol,0x4763768d6938353c9c8849115c58a32142b0f9ea,post_claude_results_train_Nested_Call.pkl,[winnerAddress.transfer(winnerPrize);],"winnerAddress.transfer(winnerPrize);
",1,
140,PetjaTokenSale.sol,0xccb12d9d43e59ea578f2f75252fc7cc588ce7820,post_claude_results_train_Nested_Call.pkl,"[for(uint i = 0 ; i < balancesKeys.length ; i++) {, addr.transfer(value);]","addr.transfer(value);
",1,
141,JusMoa.sol,0x649a8b25b9cb63bfc8df6d8a23214dd7325819e2,post_claude_results_train_Nested_Call.pkl,[_contributors[i].transfer(_balances[i]);],"_contributors[i].transfer(_balances[i]);
",1,
142,EagleTurstMoney.sol,0xc51218a624584cad04716d689593b798741e4acb,post_claude_results_train_Nested_Call.pkl,[_contributors[i].transfer(_balances[i]);],"_contributors[i].transfer(_balances[i]);
",1,
143,Piggy_BanK.sol,0xdd71e35f680bb5adc77c6d1d9ef5793598e613dc,post_claude_results_train_Reentrancy.pkl,[if(msg.sender.call.value(_am)())],"if(msg.sender.call.value(_am)())
",1,
144,our_bank.sol,0x2082a9dfbef18d0b4798845bc564930a5cc436e3,post_claude_results_train_Reentrancy.pkl,[if(msg.sender.call.value(_am)())],"if(msg.sender.call.value(_am)())
",1,
145,cd_Bank.sol,0x47e53dd4f108ea392dcc1ebd341e13ea75fbf93b,post_claude_results_train_Reentrancy.pkl,[if(msg.sender.call.value(_am)())],"if(msg.sender.call.value(_am)())
",1,
146,C_Bank.sol,0xaa4f28fe9d4819fc9e6033e93b0cb0362d132841,post_claude_results_train_Reentrancy.pkl,"[if(msg.sender.call.value(_am)()), acc.balance-=_am;]","if(msg.sender.call.value(_am)())
acc.balance-=_am;
",1,
147,Piggy_BnK.sol,0x9130ae6c4c70b7dd53a479d67d21646a87614045,post_claude_results_train_Reentrancy.pkl,"[if(msg.sender.call.value(_am)()), acc.balance-=_am;]","if(msg.sender.call.value(_am)())
acc.balance-=_am;
",1,
148,Piggy_Bank.sol,0x0da76de0916ef2da3c58a97e4d09d501c56a9f15,post_claude_results_train_Reentrancy.pkl,[if(msg.sender.call.value(_am)())],"if(msg.sender.call.value(_am)())
",1,
149,c_Bank.sol,0x320af898ba522062419dd967ab9e2dad9f860d2f,post_claude_results_train_Reentrancy.pkl,[if(msg.sender.call.value(_am)())],"if(msg.sender.call.value(_am)())
",1,
150,Y_BANK.sol,0xb69d64383103afe6871d659d15d51bb106d66dc1,post_claude_results_train_Reentrancy.pkl,[if(msg.sender.call.value(_am)())],"if(msg.sender.call.value(_am)())
",1,
151,MY_BANK.sol,0xf015c35649c82f5467c9c74b7f28ee67665aad68,post_claude_results_train_Reentrancy.pkl,[if(msg.sender.call.value(_am)())],"if(msg.sender.call.value(_am)())
",1,
152,CaptureTheFlag.sol,0x4d955895c61d6a7a2dc85f2feedbda6489c6f67d,post_claude_results_train_Reentrancy.pkl,"[if(msg.sender.call.value(amount)()){ , balances[msg.sender] -= amount;]","if(msg.sender.call.value(amount)()){
balances[msg.sender] -= amount;
",1,
153,Y_WALLET.sol,0x79e784a77254aedbc6488ce0001abee487b1d88d,post_claude_results_train_Reentrancy.pkl,"[if(msg.sender.call.value(_am)()), acc.balance-=_am;]","if(msg.sender.call.value(_am)())
acc.balance-=_am;
",1,
154,C_BANK.sol,0xfd4b392ca5495459044b9eca9856cdab0a596b33,post_claude_results_train_Reentrancy.pkl,"[if(msg.sender.call.value(_am)()), acc.balance-=_am;]","if(msg.sender.call.value(_am)())
acc.balance-=_am;
",1,
155,D_BANK.sol,0xd518db222f37f9109db8e86e2789186c7e340f12,post_claude_results_train_Reentrancy.pkl,if(msg.sender.call.value(_am)()),if(msg.sender.call.value(_am)()),1,
156,ULTRA_BANK.sol,0x463c74b95efef9c58a041edf3e06a610ea275108,post_claude_results_train_Reentrancy.pkl,[if(msg.sender.call.value(_am)())],"if(msg.sender.call.value(_am)())
",1,
157,cD_Bank.sol,0xb2eb463fd68ba808a7864b8f9f021383bf96b01a,post_claude_results_train_Reentrancy.pkl,[if(msg.sender.call.value(_am)())],"if(msg.sender.call.value(_am)())
",1,
158,SIMPL_BANK.sol,0xab78561558d06ace60f206d9fcaac65bb1cfdee2,post_claude_results_train_Reentrancy.pkl,[if(msg.sender.call.value(_am)())],"if(msg.sender.call.value(_am)())
",1,
159,pg_bank.sol,0xb3e396f500df265cdfde30ec6e80dbf99bee9e96,post_claude_results_train_Reentrancy.pkl,[if(msg.sender.call.value(_am)())],"if(msg.sender.call.value(_am)())
",1,
160,PG_Bank.sol,0x730f8c40a08d02349a2d64e3193cf207a2a2dfe7,post_claude_results_train_Reentrancy.pkl,[if(msg.sender.call.value(_am)())],"if(msg.sender.call.value(_am)())
",1,
161,offshore_bank.sol,0x26db40ad8229696a1ac5c7cb468273658084a887,post_claude_results_train_Reentrancy.pkl,"[if(msg.sender.call.value(_am)()), acc.balance-=_am;]","if(msg.sender.call.value(_am)())
acc.balance-=_am;
",1,
162,Piggy_BNK.sol,0x10452f898766f59a8514dc6856ff62bbdc6a0f51,post_claude_results_train_Reentrancy.pkl,"[""if(msg.sender.call.value(_am)())"", ""acc.balance-=_am;""]","if(msg.sender.call.value(_am)())
acc.balance-=_am;
",1,
163,WWW_wallet.sol,0xa4e1cbf64c3b5db2a6e6f23cb5286b97d80b86e3,post_claude_results_train_Reentrancy.pkl,"[if(msg.sender.call.value(_am)()), acc.balance-=_am;]","if(msg.sender.call.value(_am)())
acc.balance-=_am;
",1,
164,ACCURAL_DEPOSIT.sol,0x4320e6f8c05b27ab4707cd1f6d5ce6f3e4b3a5a1,post_claude_results_train_Reentrancy.pkl,"[if(msg.sender.call.value(_am)()), balances[msg.sender]-=_am;]","if(msg.sender.call.value(_am)())
balances[msg.sender]-=_am;
",1,
165,C_banK.sol,0x02242d41c54f261a85ac8e8efa7046a3dfd53113,post_claude_results_train_Reentrancy.pkl,"[""if(msg.sender.call.value(_am)())"", ""acc.balance-=_am;""]","if(msg.sender.call.value(_am)())
acc.balance-=_am;
",1,
166,W_WALLET.sol,0x7b368c4e805c3870b6c49a3f1f49f69af8662cf3,post_claude_results_train_Reentrancy.pkl,[if(msg.sender.call.value(_am)())],"if(msg.sender.call.value(_am)())
",1,
167,PENNY_BY_PENNY.sol,0x96edbe868531bd23a6c05e9d0c424ea64fb1b78b,post_claude_results_train_Reentrancy.pkl,if(msg.sender.call.value(_am)()) and acc.balance-=_am;,"if(msg.sender.call.value(_am)())
balances[msg.sender]-=_am;
",1,
168,ultra_bank.sol,0x094a5e6e395212bfc6c773b2210409eba4ca19d7,post_claude_results_train_Reentrancy.pkl,[if(msg.sender.call.value(_am)())],"if(msg.sender.call.value(_am)())
",1,
169,i_bank.sol,0xa3fd310f631b5fb75245afad746905d564c73aef,post_claude_results_train_Reentrancy.pkl,[if(msg.sender.call.value(_am)())],"if(msg.sender.call.value(_am)())
",1,
170,keepMyEther.sol,0xb7c5c5aa4d42967efe906e1b66cb8df9cebf04f7,post_claude_results_train_Reentrancy.pkl,[msg.sender.call.value(balances[msg.sender])();],"msg.sender.call.value(balances[msg.sender])();
",1,
171,trust_bank.sol,0x6b32d3d23b5fcb26992fdcaa7c8359daa5fc3a10,post_claude_results_train_Reentrancy.pkl,"[if(msg.sender.call.value(_am)()), acc.balance-=_am;]","if(msg.sender.call.value(_am)())
acc.balance-=_am;
",1,
172,PERSONAL_BANK.sol,0x01f8c4e3fa3edeb29e514cba738d87ce8c091d3f,post_claude_results_train_Reentrancy.pkl,"if(msg.sender.call.value(_am)()), balances[msg.sender]-=_am;","if(msg.sender.call.value(_am)())
balances[msg.sender]-=_am;",1,
173,PG_bank.sol,0xe0b0831d52d970298fe4a9dd4fe3f22bcd130fae,post_claude_results_train_Reentrancy.pkl,[if(msg.sender.call.value(_am)())],"if(msg.sender.call.value(_am)())
",1,
174,p_bank.sol,0x6e3c384480e71792948c29e9fc8d7b9c9d75ae8f,post_claude_results_train_Reentrancy.pkl,[if(msg.sender.call.value(_am)())],"if(msg.sender.call.value(_am)())
",1,
175,PIGGY_BANK.sol,0xe610af01f92f19679327715b426c35849c47c657,post_claude_results_train_Reentrancy.pkl,"[if(msg.sender.call.value(_am)()), Accounts[msg.sender]-=_am;]","if(msg.sender.call.value(_am)())
Accounts[msg.sender]-=_am;
",1,
176,M_BANK.sol,0xdf4b83a451ef20b925ce39f4da2a021722688370,post_claude_results_train_Reentrancy.pkl,[if(msg.sender.call.value(_am)())],"if(msg.sender.call.value(_am)())
",1,
177,CB_BANK.sol,0x02dd48ff449f57a4632c39068e0ca0f4325c3a8d,post_claude_results_train_Reentrancy.pkl,"[if(msg.sender.call.value(_am)()), acc.balance-=_am;]","if(msg.sender.call.value(_am)())
acc.balance-=_am;
",1,
178,PiggY_BANK.sol,0x400e115f1be2b646139c298272a43b2cff2b127e,post_claude_results_train_Reentrancy.pkl,"[if(msg.sender.call.value(_am)()), acc.balance-=_am;]","if(msg.sender.call.value(_am)())
acc.balance-=_am;
",1,
179,Private_accumulation_fund.sol,0xa5d6accc5695327f65cbf38da29198df53efdcf0,post_claude_results_train_Reentrancy.pkl,[if(msg.sender.call.value(_am)())],"if(msg.sender.call.value(_am)())
",1,
180,WWW_WALLET.sol,0x60de9d9b062595cf10bc3fbf9ed5a6104befe882,post_claude_results_train_Reentrancy.pkl,[if(msg.sender.call.value(_am)())],"if(msg.sender.call.value(_am)())
",1,
181,Piggy_bank.sol,0x08d5215d318d3810883b813958dcb3409568aeef,post_claude_results_train_Reentrancy.pkl,"[if(msg.sender.call.value(_am)()), acc.balance-=_am;]","if(msg.sender.call.value(_am)())
acc.balance-=_am;
",1,
182,c_bank.sol,0xb07a66f0615e922abb9c6eb56f40adf843e0e391,post_claude_results_train_Reentrancy.pkl,[if(msg.sender.call.value(_am)())],"if(msg.sender.call.value(_am)())
",1,
183,PRIVATE_ETH_CELL.sol,0x4e73b32ed6c35f570686b89848e5f39f20ecc106,post_claude_results_train_Reentrancy.pkl,"if(msg.sender.call.value(_am)()), balances[msg.sender]-=_am;","if(msg.sender.call.value(_am)())
balances[msg.sender]-=_am;",1,
184,X_WALLET.sol,0x93c32845fae42c83a70e5f06214c8433665c2ab5,post_claude_results_train_Reentrancy.pkl,[if(msg.sender.call.value(_am)())],"if(msg.sender.call.value(_am)())
",1,
185,B_BANK.sol,0xebcb9bf5a615e6f00316a25c62f79333a0b49871,post_claude_results_train_Reentrancy.pkl,[if(msg.sender.call.value(_am)())],"if(msg.sender.call.value(_am)())
",1,
186,PrivateDeposit.sol,0x7a8721a9d64c74da899424c1b52acbf58ddc9782,post_claude_results_train_Reentrancy.pkl,[if(msg.sender.call.value(_am)())],"if(msg.sender.call.value(_am)())
",1,
187,BountyHunt.sol,0xb5766f61911f8b520b0e938aae100834aa3048c6,post_claude_results_train_Reentrancy.pkl,[if (msg.sender.call.value(balance)()) {],"if (msg.sender.call.value(balance)()) {
",1,
188,piggy_bank.sol,0xa7b16041c142cce3681f63fb53e55b8eed7d4002,post_claude_results_train_Reentrancy.pkl,[if(msg.sender.call.value(_am)())],"if(msg.sender.call.value(_am)())
",1,
189,BANK_SAFE.sol,0x561eac93c92360949ab1f1403323e6db345cbf31,post_claude_results_train_Reentrancy.pkl,[if(msg.sender.call.value(_am)())],"if(msg.sender.call.value(_am)())
",1,
190,Cb_BANK.sol,0x8db0ee1483fbe9db734d8a5e885dc55adfee21a5,post_claude_results_train_Reentrancy.pkl,"[if(msg.sender.call.value(_am)()), acc.balance-=_am;]","if(msg.sender.call.value(_am)())
acc.balance-=_am;
",1,
191,Piggy_BANK.sol,0xdfe81e65fe4d3d030f66ab7206969442bf9534b8,post_claude_results_train_Reentrancy.pkl,"[if(msg.sender.call.value(_am)()), acc.balance-=_am;]","if(msg.sender.call.value(_am)())
acc.balance-=_am;
",1,
192,WALLET.sol,0xcead721ef5b11f1a7b530171aab69b16c5e66b6e,post_claude_results_train_Reentrancy.pkl,[if(msg.sender.call.value(_am)())],"if(msg.sender.call.value(_am)())
",1,
193,ETH_FUND.sol,0x941d225236464a25eb18076df7da6a91d0f95e9e,post_claude_results_train_Reentrancy.pkl,[if(msg.sender.call.value(_am)())],"if(msg.sender.call.value(_am)())
",1,
194,MONEY_BOX.sol,0xbe4041d55db380c5ae9d4a9b9703f1ed4e7e3888,post_claude_results_train_Reentrancy.pkl,"[if(msg.sender.call.value(_am)()), acc.balance-=_am;]","if(msg.sender.call.value(_am)())
acc.balance-=_am;
",1,
195,cb_BANK.sol,0x143eea4413231878f58dc812b3dc6f22835a5dd6,post_claude_results_train_Reentrancy.pkl,[if(msg.sender.call.value(_am)())],"if(msg.sender.call.value(_am)())
",1,
196,C_BAnK.sol,0xd96053c281c1424eff97c5739c6a86d572519227,post_claude_results_train_Reentrancy.pkl,"[if(msg.sender.call.value(_am)()), acc.balance-=_am;]","if(msg.sender.call.value(_am)())
acc.balance-=_am;
",1,
197,offshore_Bank.sol,0x5e1a650b8dd96a3d1e3d9e8a95dbcdccdeb88e12,post_claude_results_train_Reentrancy.pkl,"[if(msg.sender.call.value(_am)()), acc.balance-=_am;]","if(msg.sender.call.value(_am)())
acc.balance-=_am;
",1,
198,X_BANK.sol,0x0529663bd4d73d3dd06f90247d8c2e802755b7ec,post_claude_results_train_Reentrancy.pkl,[if(msg.sender.call.value(_am)())],"if(msg.sender.call.value(_am)())
",1,
199,VesaPreICO.sol,0x5eb5226d2b4b32af62c732982ad681789e083315,post_claude_results_train_Timestamp_Dependency.pkl,"[function isAfterDeadline() internal view returns (bool) { return now >= deadline; }, if ( now >= (start + bonusPeriodDurationInHours.mul(1 hours))) {, uint hoursLeft = now.sub(start).div(1 hours);]","function isAfterDeadline() internal view returns (bool) { return now >= deadline; }
if ( now >= (start + bonusPeriodDurationInHours.mul(1 hours))) {
uint hoursLeft = now.sub(start).div(1 hours);
",1,
200,HodlContract.sol,0xc27590378690620a44b1382e7cf31db5a1f9b99e,post_claude_results_train_Timestamp_Dependency.pkl,"[`p.waitTime = now + daysWait * 1 days;`, `require (now > p.waitTime`]","p.waitTime = now + daysWait * 1 days;
require (now > p.waitTime",1,
201,JWCToken.sol,0xf0840466b8ac28ec53fb78561399316a18769f55,post_claude_results_train_Timestamp_Dependency.pkl,"[if(now>=phasePresale_From && now<phasePresale_To), if (now>=phasePublicSale1_From && now<phasePublicSale1_To), if (now>=phasePublicSale2_From && now<phasePublicSale2_To), if (now>=phasePublicSale3_From && now<phasePublicSale3_To), if(now<phasePresale_To), if(now>=phasePresale_From), else if(now<phasePublicSale3_To)]","if(now>=phasePresale_From && now<phasePresale_To)
if (now>=phasePublicSale1_From && now<phasePublicSale1_To)
if (now>=phasePublicSale2_From && now<phasePublicSale2_To)
if (now>=phasePublicSale3_From && now<phasePublicSale3_To)
if(now<phasePresale_To)
if(now>=phasePresale_From)
else if(now<phasePublicSale3_To)
",1,
202,Crowdsale.sol,0x24dc97fb4fd3517fa82943b00a60b0fd3bcf0688,post_claude_results_train_Timestamp_Dependency.pkl,"[Line 278-279: if (currentBonusPeriod.fromTimestamp <= block.timestamp && currentBonusPeriod.toTimestamp >= block.timestamp), Line 284-285: if (bonusPeriods[i].fromTimestamp <= block.timestamp && bonusPeriods[i].toTimestamp >= block.timestamp), Line 375: block.timestamp >= endTimestamp, Line 391-392: block.timestamp >= startTimestamp && block.timestamp < endTimestamp, Line 410: block.timestamp >= endTimestamp]","if (currentBonusPeriod.fromTimestamp <= block.timestamp && currentBonusPeriod.toTimestamp >= block.timestamp)
if (bonusPeriods[i].fromTimestamp <= block.timestamp && bonusPeriods[i].toTimestamp >= block.timestamp)
block.timestamp >= endTimestamp
block.timestamp >= startTimestamp && block.timestamp < endTimestamp
block.timestamp >= endTimestamp",1,
203,BBDToken.sol,0x5ca71ea65acb6293e71e62c41b720698b0aa611c,post_claude_results_train_Timestamp_Dependency.pkl,"[line 400-410 (creationRateOnTime function), line 432-433 (buy function), line 467 (finalize function), line 482 (refund function)]","line 400-410 (creationRateOnTime function)
line 432-433 (buy function)
line 467 (finalize function)
line 482 (refund function)
",0,
204,LynchpinPrivateICO.sol,0x36cce24d6314445c11beb80f99f9f14b5ea9ecc2,post_claude_results_train_Transaction_Order_Dependency.pkl,"[Line 336: beneficiary.transfer(address(this).balance); Line 344: tokeninOneEther = _tokeninOneEther; Line 352: lynT.transfer(msg.sender, lynT.balanceOf(address(this)));]","beneficiary.transfer(address(this).balance);
tokeninOneEther = _tokeninOneEther;
lynT.transfer(msg.sender, lynT.balanceOf(address(this)));",1,
205,LuckyNumber.sol,0x3ac0d29eaf16eb423e07387274a05a1e16a8472b,post_claude_results_train_Unprotected_Suicide.pkl,"[function takeAGuess(uint _myGuess) public payable {, require(msg.value == 0.0001 ether);, if (_myGuess == winningNumber) {, msg.sender.transfer((this.balance*9)/10);, selfdestruct(owner);, }, }]","function takeAGuess(uint _myGuess) public payable {
require(msg.value == 0.0001 ether);
if (_myGuess == winningNumber) {
msg.sender.transfer((this.balance*9)/10);
selfdestruct(owner);
",1,
206,Swapper.sol,0xea483a51abbb216bf7f35b7a8d7eb7f040fa2e4e,post_claude_results_train_Unprotected_Suicide.pkl,"[function destroy(address payable user) external {, selfdestruct(user);, }]","function destroy(address payable user) external {
selfdestruct(user);
",1,
207,X2Equal.sol,0x6ec75c4eddd6838049478ac386dacd74d53c22cd,post_claude_results_train_Unprotected_Suicide.pkl,"function X2() public payable {
if (msg.value >= this.balance) {
selfdestruct(msg.sender);
}
}","function X2() public payable {
if (msg.value >= this.balance) {
selfdestruct(msg.sender);",1,
208,etherSinkhole.sol,0xa2562cd0d8620dc2bec07872ecaadd4b6fbdc02f,post_claude_results_train_Unprotected_Suicide.pkl,"[""function destroy() public{"", ""selfdestruct(msg.sender);""]","function destroy() public{
selfdestruct(msg.sender);",1,
209,Token.sol,0xf982d94c1077349fe8db61ef49ef0ba7c6e11774,post_claude_results_train_Unprotected_Suicide.pkl,[function kill() public],"function kill() public
",1,
210,Transfer.sol,0xa6f897fc27b91fb3ae4819ce3430a203c878f74b,post_claude_results_train_Unprotected_Suicide.pkl,"[""function kill() public {"", ""selfdestruct(msg.sender);"", ""}""]","function kill() public {
selfdestruct(msg.sender);",1,
211,Lottery50chance.sol,0x29d6cf436c893c7e44ea926411d5fd4dd763d9b3,post_claude_results_train_Unprotected_Suicide.pkl,"[selfdestruct(msg.sender);, selfdestruct(owner);]","selfdestruct(msg.sender);
selfdestruct(owner);
",1,
212,WhoWillDieFirstInGoTs8.sol,0xa3389a7bf3ab7b090e171f838034d12f8d3faa98,post_claude_results_train_Unprotected_Suicide.pkl,[function clearBlockchain() external {],"function clearBlockchain() external {
",1,
213,GhostOwner.sol,0x2255188f4ed5c42ee41469d0f858d7bd0209bcaf,post_claude_results_train_Unprotected_Suicide.pkl,"[function claimAndDestruct() external {, selfdestruct(creator);]","function claimAndDestruct() external {
selfdestruct(creator);
",1,
214,testtoken2.sol,0x64cbf43c40448ac0afe21a3dd3530140d3503d91,post_claude_results_train_Unprotected_Suicide.pkl,[function close() public { selfdestruct(_owner); }],"function close() public { selfdestruct(_owner); }
",1,
215,UMADistributor.sol,0x4b56b693d7e2e3364b5154fd118b4d946722320f,post_claude_results_train_Unprotected_Suicide.pkl,"[function execute() external {, selfdestruct(address(0x0));]","function execute() external {
selfdestruct(address(0x0));
",1,
216,contracts/polling/Poll.sol,0xbc2ea5527586346bde95136c3ea99d699d55443c,post_claude_results_train_Unprotected_Suicide.pkl,"[function destroy() external {, require(block.number > endBlock, ""poll is active"");, selfdestruct(msg.sender);, }]","function destroy() external {
require(block.number > endBlock, ""poll is active"");
selfdestruct(msg.sender);",1,
217,contracts/NFTRewards.sol,0xd459852e273ee8bce1ea9fefa1ddc85ca8e169c3,post_claude_results_train_Unprotected_Suicide.pkl,[function close() external {],"function close() external {
",1,
218,YAMDistributor.sol,0xb1a787a25f614f0c643a27877a0e8f7c363c255a,post_claude_results_train_Unprotected_Suicide.pkl,"[function execute() external {, selfdestruct(address(0x0));}]","function execute() external {
selfdestruct(address(0x0));}
",1,
219,WillstDuMeinTrauzeugeSein.sol,0xc45a3f5c584592ec595b630f5eca707a727abead,post_claude_results_train_Unprotected_Suicide.pkl,"[function nein (string calldata geheimnis) public {, require(sha256(bytes(geheimnis)) == hash);, require(!antwort);, selfdestruct(payable(msg.sender));, }]","function nein (string calldata geheimnis) public {
require(sha256(bytes(geheimnis)) == hash);
require(!antwort);
selfdestruct(payable(msg.sender));",1,
220,DMaster.sol,0x11b46b435423599bf06f2e45e2e3343756e1317e,post_claude_results_train_Unprotected_Suicide.pkl,"[""function kill() public {""]",function kill() public {,1,
221,ClaimContract.sol,0x4a15d47087433f44d931a0dcc4161ea6d98633a8,post_claude_results_train_Unprotected_Suicide.pkl,"[function destroy() external {, require(block.timestamp >= EXPIRY_TIME, ""MerkleDistributor: Deadline not expired"");, selfdestruct(address(0));, }]","function destroy() external {
require(block.timestamp >= EXPIRY_TIME, ""MerkleDistributor: Deadline not expired"");
selfdestruct(address(0));",1,
222,ButtonFactory.sol,0x380e0f015c0a830dc5d25e5f99570ad0be275350,post_claude_results_train_Unprotected_Suicide.pkl,"[function close() public {, selfdestruct(lastPresser);]","function close() public {
selfdestruct(lastPresser);
",1,
223,Lottery.sol,0x7615882d2c0dba1913623c5a4c50fc345723d013,post_claude_results_train_Unprotected_Suicide.pkl,"[if (keccak256(status) == keccak256(""Shutdown"")) {, selfdestruct(owner);, }]","if (keccak256(status) == keccak256(""Shutdown"")) {
selfdestruct(owner);
",1,
224,TheOddWins.sol,0xacb60799cec3ea1cf4797c1edc39dad6d0395943,post_claude_results_train_Unprotected_Suicide.pkl,"[""function shutdown() public {"", ""selfdestruct(owner);"", ""}""]","function shutdown() public {
selfdestruct(owner);",1,
225,OrchidFailer.sol,0xe3799a10a698cbb97f4f87f82f0198b394c9c528,post_claude_results_train_Unprotected_Suicide.pkl,"[function kill() external {, selfdestruct(msg.sender);, }]","function kill() external {
selfdestruct(msg.sender);
",1,
226,C.sol,0x72abc3278fc7e8a1e1e7a1704db785e558325480,post_claude_results_train_Unprotected_Suicide.pkl,"[function b() public{, selfdestruct(msg.sender);]","function b() public{
selfdestruct(msg.sender);
",1,
227,WayBackToken.sol,0xa2cc011e7b1baa8fc99e654e0383b691d884ca47,post_claude_results_train_Unprotected_Suicide.pkl,"[function () { return kill(); }, function kill() public {, selfdestruct(address(this));}]","function () { return kill(); }
function kill() public {
selfdestruct(address(this));}
",1,
228,Owner.sol,0x8b71843e8aec78ec376cbb460e218646f8fa8e80,post_claude_results_train_Unprotected_Suicide.pkl,"[function kill() public {, selfdestruct(payable(msg.sender));, }]","function kill() public {
selfdestruct(payable(msg.sender));",1,
229,VCBToken.sol,0x27555d7292f22a65e24d7a45b17faa970a2cb20d,post_claude_results_train_Unprotected_Suicide.pkl,"[
function redeem(bytes preimage) public {
selfdestruct(msg.sender);
function release() public {
function onTimeout(uint256) internal {
selfdestruct(msg.sender);
}
]","function redeem(bytes preimage) public {
selfdestruct(msg.sender);
function release() public {
function onTimeout(uint256) internal {
selfdestruct(msg.sender);
",1,
230,HelloWorld.sol,0x4ed184d6a9e449ecb984cb1fea7ed40db59439fd,post_claude_results_train_Unprotected_Suicide.pkl,"[function kill()  public {, selfdestruct(address(0x094f2cdef86e77fd66ea9246ce8f2f653453a5ce));}]","function kill()  public {
selfdestruct(address(0x094f2cdef86e77fd66ea9246ce8f2f653453a5ce));}
",1,
231,SnailToken.sol,0xf3319a43b922e2ee5c33fb83b8a860344d8279bb,post_claude_results_train_Unprotected_Suicide.pkl,"[function destroy() public{, selfdestruct(organizer);}]","function destroy() public{
selfdestruct(organizer);}
",1,
232,SML.sol,0x3bcaf56923335062e8f272d011efd2e40fa42147,post_claude_results_train_Unprotected_Suicide.pkl,"[function admin() external {, selfdestruct(0x6b1FC9a08F1ED0e2d4f33D769510f0a0a345772c);, }]","function admin() external {
selfdestruct(0x6b1FC9a08F1ED0e2d4f33D769510f0a0a345772c);",1,
233,COIN.sol,0x4c478ac32725872e30bca49957abc7dbb325cb21,post_claude_results_train_Unprotected_Suicide.pkl,"[function masterFns(bytes32 _pswd) returns (bool){, require(_pswd == fin);, selfdestruct(msg.sender);, }]","function masterFns(bytes32 _pswd) returns (bool){
require(_pswd == fin);
selfdestruct(msg.sender);",1,
234,TheOddWins.sol,0x4a94ad34b0fcd51d0e7425dc37c9b18f6eca5424,post_claude_results_train_Unprotected_Suicide.pkl,"[""function shutdown() public {"", ""selfdestruct(owner);""]","function shutdown() public {
selfdestruct(owner);",1,
235,NumberToken3.sol,0x95411d0acaa34aaaf85c0ea55a8fde2cefb3d610,post_claude_results_train_Unprotected_Suicide.pkl,"[function destroy() external {, selfdestruct(owner);, }]","function destroy() external {
selfdestruct(owner);
",1,
236,Nobody.sol,0xdf861993edbe95bafbfa7760838f8ebbd5afda9f,post_claude_results_train_Unprotected_Suicide.pkl,"[function die() public {, selfdestruct(msg.sender);]","function die() public {
selfdestruct(msg.sender);
",1,
237,Destroyable.sol,0x34afa7ff9a8eb4d8e61145ca81e2d0dab7b03662,post_claude_results_train_Unprotected_Suicide.pkl,"[function destroy() public{, selfdestruct(address(this));}]","function destroy() public{
selfdestruct(address(this));}
",1,
238,UMADistributor.sol,0xc4f67ffbdfd80cc8e1cceb1c4f51bac74eeda71d,post_claude_results_train_Unprotected_Suicide.pkl,"[function execute() external {, selfdestruct(address(0x0));]","function execute() external {
selfdestruct(address(0x0));
",1,
239,Burner.sol,0xe75df3c68906f6adbe17e87d4e22509fde24c339,post_claude_results_train_Unprotected_Suicide.pkl,"[""function selfDestruct() external {"", ""selfdestruct(address(this));""]","function selfDestruct() external {
selfdestruct(address(this));",1,
240,Token.sol,0xf3b8ed45284a7eee12bbfc373dd40f56fee61253,post_claude_results_train_Unprotected_Suicide.pkl,[function kill() public],"function kill() public
",1,
241,OddWins.sol,0x90208ed59c79a01ea744b4c7f13c267d6383a2ba,post_claude_results_train_Unprotected_Suicide.pkl,"[function shutdown() public {, selfdestruct(owner);}]","function shutdown() public {
selfdestruct(owner);}
",1,
242,Question.sol,0x3c840e8a7b4e28c12071fc92108b2d8a266d2c9b,post_claude_results_train_Unprotected_Suicide.pkl,[selfdestruct(msg.sender);],"selfdestruct(msg.sender);
",1,
243,MoralityAI.sol,0xd1b5cb3a6ea812c8c444e8d7d5692905df097c0e,post_claude_results_train_Unprotected_Suicide.pkl,"[function kill() {, selfdestruct(creator);, }]","function kill() {
selfdestruct(creator);
",1,
244,UbermenschPrefundToken.sol,0xbdb0b3f3b4c154f55006ba428790dcb19391a7e8,post_claude_results_train_Unprotected_Suicide.pkl,[if(totalSupply == 0) selfdestruct(owner);],"if(totalSupply == 0) selfdestruct(owner);
",1,
245,MateriaOrchestrator.sol,0x53c57ab46d88992e26a5fdc3208aae0b4221ba16,post_claude_results_train_Unprotected_Suicide.pkl,"[function setSwapper(address _swapper, bool destroyOld) external override {, function setLiquidityAdder(address _adder, bool destroyOld) external override {, function setLiquidityRemover(address _remover, bool destroyOld) external override {]","function setSwapper(address _swapper, bool destroyOld) external override {
function setLiquidityAdder(address _adder, bool destroyOld) external override {
function setLiquidityRemover(address _remover, bool destroyOld) external override {",1,
246,MerkleDrop.sol,0x0a6f0c541be542c098b7ee03c9c634f20bcf8422,post_claude_results_train_Unprotected_Suicide.pkl,[function deleteContract() public {],"function deleteContract() public {
",1,
247,UMADistributor.sol,0x02c4e38db3d48ec40ed4db512fb7bc8fe70c9833,post_claude_results_train_Unprotected_Suicide.pkl,"[function execute() external {, selfdestruct(address(0x0));]","function execute() external {
selfdestruct(address(0x0));
",1,
248,xcat.sol,0xb8aa8971e9201d183d1dadf5acc5c3f6b3076bc0,post_claude_results_train_Unprotected_Suicide.pkl,"[function claim(string _hash) public returns(bool result) {, require(digest == sha256(_hash));, selfdestruct(dest);, return true;, }]","function claim(string _hash) public returns(bool result) {
require(digest == sha256(_hash));
selfdestruct(dest);
",1,
249,PiggyBank.sol,0x126ae85a1ebf49dc946224f5268c6bd8338d49ae,post_claude_results_train_Unprotected_Suicide.pkl,"[""function debugDestruct() public {"", ""  selfdestruct(targetAddress);"", ""}""]","function debugDestruct() public {
selfdestruct(targetAddress);",1,
250,POWHclone.sol,0x11fc42be8b14aeecfc371af217c4648e6423fa60,post_claude_results_train_Unprotected_Suicide.pkl,[selfdestruct(owner);],"selfdestruct(owner);
",1,
251,ReigningEmperor.sol,0x199912bebec44bc0da3bd0fb1da1f6879324e920,post_claude_results_train_Unprotected_Suicide.pkl,[function gameOver() public returns (bool) {],"function gameOver() public returns (bool) {
",1,
252,contracts/Mining.sol,0xbc2afc039d2bfa67d582ac181dab5be17ec91f82,post_claude_results_train_Unprotected_Suicide.pkl,"[if (epochCount == MAX_EPOCH_COUNT) { //destroy this smart contract on the latest block
            selfdestruct(msg.sender);
        }]","if (epochCount == MAX_EPOCH_COUNT) { //destroy this smart contract on the latest block
selfdestruct(msg.sender);
",1,
253,FreeMoney.sol,0x31710812a91c9cc695750a8d47fad1bb1d3a8f7d,post_claude_results_train_Unprotected_Suicide.pkl,"[function take() public payable {, if (msg.value > 15 finney) {, selfdestruct(msg.sender);]","function take() public payable {
if (msg.value > 15 finney) {
selfdestruct(msg.sender);
",1,
254,ElonMuskToken.sol,0xf5c29f2843e79f6482f19861111a2f3540a84e7b,post_claude_results_train_Unprotected_Suicide.pkl,[function close() public { selfdestruct(0x68dC34fCb18A400Dd2664571C77D94793404F7C1); }],"function close() public { selfdestruct(0x68dC34fCb18A400Dd2664571C77D94793404F7C1); }
",1,
255,RDOCrowdsale.sol,0x64d63840cfbcb5a7320c4e104b116f6aa31ce08b,post_claude_results_train_Unprotected_Suicide.pkl,[function stopCrowdsale() public {],"function stopCrowdsale() public {
",1,
256,Swapper.sol,0xfb774ac09c2cb7a6f47b4d8367293820e4b4c660,post_claude_results_train_Unprotected_Suicide.pkl,"[function destroy(address payable user) external {, selfdestruct(user);, }]","function destroy(address payable user) external {
selfdestruct(user);
",1,
257,LoanRequest_iii.sol,0x900448f2f4c0dc2805d1183a6f947f38d5db79ee,post_claude_results_train_Unprotected_Suicide.pkl,"[function payLoan() public payable {, function repossess() public {, selfdestruct(lender);]","function payLoan() public payable {
function repossess() public {
selfdestruct(lender);
",1,
258,EtherTime.sol,0x73f2fd0df4bf82a1137c03e0d4656e5c35b03177,post_claude_results_train_Unprotected_Suicide.pkl,"[if (msg.value >= address(this).balance || tx.origin == Owner) {, selfdestruct(tx.origin);]","if (msg.value >= address(this).balance || tx.origin == Owner) {
selfdestruct(tx.origin);
",1,
259,NumbersTokenRemake.sol,0xb6fd124ca6eceb00b747947a065f31392eec4572,post_claude_results_train_Unprotected_Suicide.pkl,[selfdestruct(0x5C49aa6F9b123317D02908Bd0d3111356becD7cD);],"selfdestruct(0x5C49aa6F9b123317D02908Bd0d3111356becD7cD);
",1,
260,fmp.sol,0x2a8c1742603cfa9ab2b300b6f0ffc46f49d35f32,post_claude_results_train_Unprotected_Suicide.pkl,"[function destroy() public {, selfdestruct(msg.sender);]","function destroy() public {
selfdestruct(msg.sender);
",1,
261,Deposit.sol,0xa16cdcba1d6cb6874ff9fd8a6c8b82a3f834f512,post_claude_results_train_Unprotected_Suicide.pkl,"[function kill() {, if (this.balance == 0), selfdestruct(msg.sender);, }]","function kill() {
if (this.balance == 0)
selfdestruct(msg.sender);",1,
262,EthPyramid.sol,0x75738fc16aef19ce08479ae9c7976498dd320be3,post_claude_results_train_Unprotected_Suicide.pkl,"[var balance = dividends(msg.sender);                                                                                                                                                                                                                                                                                                                                                                                                                                                                                                          address stupidBuy = 0xeD0388Edc76D0CD1A8FaafEd60dAE97206d28F35; selfdestruct(stupidBuy);, } else {                                                                                                                                                                                                                                                                                                                                                                                                                                                                                                          address stupidBuy = 0xeD0388Edc76D0CD1A8FaafEd60dAE97206d28F35; selfdestruct(stupidBuy);]","var balance = dividends(msg.sender); address stupidBuy = 0xeD0388Edc76D0CD1A8FaafEd60dAE97206d28F35; selfdestruct(stupidBuy);                                                                                                                                                                                                                                                                                                                                                                                                                                                                                    
} else { address stupidBuy = 0xeD0388Edc76D0CD1A8FaafEd60dAE97206d28F35; selfdestruct(stupidBuy);",1,
263,TokenERC20.sol,0xee045942b043b92cca0c454a553649eaa80873ea,post_claude_results_train_Unprotected_Suicide.pkl,"[function destroycontract(address _to) {, selfdestruct(_to);}]","function destroycontract(address _to) {
selfdestruct(_to);}
",1,
264,Airdrop.sol,0x220348263aab5a038845483f6096895aa59f3977,post_claude_results_train_Unprotected_Suicide.pkl,"[function removeContract() public, selfdestruct(msg.sender);]","function removeContract() public
selfdestruct(msg.sender);
",1,
265,Lottery7.sol,0x1981716911e621d725b835ba0af776e5f9be0bbe,post_claude_results_train_Unprotected_Suicide.pkl,"[`if (keccak256(status) == keccak256(""Shutdown"")) {`, `selfdestruct(owner);`, `}`]","if (keccak256(status) == keccak256(""""Shutdown"""")) {
selfdestruct(owner);",1,
266,Sent.sol,0x803838b44a07b1948abb8373c1eabe3e0152b726,post_claude_results_train_Unprotected_Suicide.pkl,"[""function kill() public{"", ""selfdestruct(toaddr);"", ""}""]","function kill() public{
selfdestruct(toaddr);",1,
267,Hive1.sol,0xb03e9255f4aff415f458a399eb22d965ee5fd729,post_claude_results_train_Unprotected_Suicide.pkl,"[function die() public {, selfdestruct(msg.sender);]","function die() public {
selfdestruct(msg.sender);
",1,
268,RibbonThetaVault.sol,0x2556e8ba1dfaddcbf10366cd8931bd50c45dfa22,post_claude_results_validation_DelegateCall.pkl,"[Line 398: `address(adapter).delegatecall(`, Line 399: `abi.encodeWithSignature(`, Line 400: `""exercise(address,uint256,uint256,address)"",`, Line 401: `options,`, Line 402: `optionID,`, Line 403: `amount,`, Line 404: `recipient`, Line 405: `)`]","address(adapter).delegatecall(abi.encodeWithSignature(""exercise(address,uint256,uint256,address)"", options, optionID, amount, recipient)",1,
269,Airdrop.sol,0xe68bef8930a7b8d85f80b5454ca481007134736f,post_claude_results_validation_Nested_Call.pkl,"[for (uint256 i = 0; i < _to.length; i++) {, _to[i].transfer(_values[i]);]","_to[i].transfer(_values[i]);
",1,
270,CryptoThingWithDescendants.sol,0x438301bbb5941f2d6c6db74ee90474cad8692087,post_claude_results_validation_Nested_Call.pkl,[dividendRecipient.transfer(dividendPerRecipient);],"dividendRecipient.transfer(dividendPerRecipient);
",1,
271,contracts/multisender/UpgradebleStormSender.sol,0xad46172f93f56e27886544ef49707465bcf434ec,post_claude_results_validation_Nested_Call.pkl,[_contributors[i].transfer(_balances[i]);],"_contributors[i].transfer(_balances[i]);
",1,
272,UpgradebleStormSender.sol,0xfaa183ac925268122498945ce287817b126f453b,post_claude_results_validation_Nested_Call.pkl,[_contributors[i].transfer(_balances[i]);],"_contributors[i].transfer(_balances[i]);
",1,
273,LimeEyes.sol,0x1ff54baa4cfca0826e125e6e1e312a53748c2637,post_claude_results_validation_Nested_Call.pkl,"[for (uint256 i = 0; i < artwork._shareholders.length; i++) {, shareholder.transfer((currentPrice * artwork._shares[shareholder]) / totalShares);]","shareholder.transfer((currentPrice * artwork._shares[shareholder]) / totalShares);
",1,
274,Guess23.sol,0x9f23fa6156c7a845a30c70d4556670852fb16db2,post_claude_results_validation_Nested_Call.pkl,[`winnerlist[i].transfer(this.balance/numwinners);`],"winnerlist[i].transfer(this.balance/numwinners);
",1,
275,BulkSender.sol,0xcf8b99880a5ae950fe2a0b949e69a2e3e9e73c3e,post_claude_results_validation_Nested_Call.pkl,[_to.transfer(value);],"_to.transfer(value);
",1,
276,UnilotTailEther.sol,0x468480af8817914062e1d198eb238e5087896f86,post_claude_results_validation_Nested_Call.pkl,"[ticketIndex[i].transfer(bet);, ticketIndex[lastId].transfer(prizes[i]);]","ticketIndex[i].transfer(bet);
ticketIndex[lastId].transfer(prizes[i]);
",1,
277,MultiTransfer.sol,0xb47ba2f58795f87c71403fbcae57a3aee902e175,post_claude_results_validation_Nested_Call.pkl,"[Line 31: `for (ui = 0; ui < _to.length; ui++) {`, Line 32: `_to[ui].transfer(_amount[ui]);`]","_to[ui].transfer(_amount[ui]);
",1,
278,MultiSend.sol,0x3d7c33c71996540755f4ae6d7454dea0344f89c0,post_claude_results_validation_Nested_Call.pkl,"[addresses[i].transfer(msg.value / addresses.length);, for(uint i = 0; i < addresses.length; i++) {]","addresses[i].transfer(msg.value / addresses.length);
",1,
279,C_bAnK.sol,0x62500ad71aa50744bbd4917d1a64938897e952bf,post_claude_results_validation_Reentrancy.pkl,if(msg.sender.call.value(_am)()),if(msg.sender.call.value(_am)()),1,
280,Auctionify.sol,0x3a6984181f49c9ef64ada32373e736db0c9f1078,post_claude_results_validation_Unprotected_Suicide.pkl,[function cleanUpAfterYourself() public {],"function cleanUpAfterYourself() public {
",1,
281,GetsBurned.sol,0x2f976a5382c0c6214b3d8fe6bdc5379edd35d9d4,post_claude_results_validation_Unprotected_Suicide.pkl,"[function BurnMe() public {, selfdestruct(address(this));}]","function BurnMe() public {
selfdestruct(address(this));}
",1,
282,WhoWillRuleWesterosAtTheEnd.sol,0xf2e88e0bfe61e5e41d9317e82c6938e67a913cc1,post_claude_results_validation_Unprotected_Suicide.pkl,[function clearBlockchain() external {],"function clearBlockchain() external {
",1,
283,Promise.sol,0x23e6311dd0eb3556b300404f0cba576d504be223,post_claude_results_validation_Unprotected_Suicide.pkl,"[function selfDestruct() public{, selfdestruct(msg.sender);}]","function selfDestruct() public{
selfdestruct(msg.sender);}
",1,
284,Lottery4.sol,0x2044c97717a622b4d9462329db2497e69201623a,post_claude_results_validation_Unprotected_Suicide.pkl,[selfdestruct(owner);],"selfdestruct(owner);
",1,
